fair_parameter_set,all_gcm_patterns,conus_gcm_patterns
1,MRI-ESM2-0,GFDL-ESM4
2,NorESM2-LM,NorESM2-LM
3,INM-CM5-0,NorESM2-LM
4,UKESM1-0-LL,EC-Earth3-Veg
5,CNRM-ESM2-1,MPI-ESM1-2-HR
6,UKESM1-0-LL,EC-Earth3-Veg
7,INM-CM5-0,NorESM2-LM
8,CNRM-CM6-1,MPI-ESM1-2-HR
9,MIROC-ES2L,NorESM2-LM
10,UKESM1-0-LL,EC-Earth3-Veg
11,BCC-CSM2-MR,GFDL-ESM4
12,UKESM1-0-LL,EC-Earth3-Veg
13,CNRM-CM6-1,MPI-ESM1-2-HR
14,CESM2,MPI-ESM1-2-HR
15,MIROC6,NorESM2-LM
16,CNRM-CM6-1,MPI-ESM1-2-HR
17,GFDL-ESM4,GFDL-ESM4
18,MIROC6,NorESM2-LM
19,CAMS-CSM1-0,NorESM2-LM
20,NorESM2-LM,NorESM2-LM
21,BCC-CSM2-MR,GFDL-ESM4
22,MIROC-ES2L,GFDL-ESM4
23,CAMS-CSM1-0,NorESM2-LM
24,CNRM-CM6-1,MPI-ESM1-2-HR
25,CNRM-CM6-1,MPI-ESM1-2-HR
26,CNRM-ESM2-1,MPI-ESM1-2-HR
27,INM-CM5-0,NorESM2-LM
28,CNRM-CM6-1,MPI-ESM1-2-HR
29,MPI-ESM1-2-HR,GFDL-ESM4
30,CESM2,EC-Earth3-Veg
31,MPI-ESM1-2-HR,GFDL-ESM4
32,CESM2,MPI-ESM1-2-HR
33,NESM3,EC-Earth3-Veg
34,CESM2,EC-Earth3-Veg
35,CanESM5,EC-Earth3-Veg
36,EC-Earth3-Veg,EC-Earth3-Veg
37,CanESM5,EC-Earth3-Veg
38,CNRM-CM6-1,MPI-ESM1-2-HR
39,MPI-ESM1-2-HR,GFDL-ESM4
40,MPI-ESM1-2-HR,GFDL-ESM4
41,NESM3,EC-Earth3-Veg
42,CNRM-ESM2-1,MPI-ESM1-2-HR
43,GFDL-CM4,MPI-ESM1-2-HR
44,CanESM5,EC-Earth3-Veg
45,CNRM-CM6-1,MPI-ESM1-2-HR
46,INM-CM5-0,NorESM2-LM
47,GFDL-CM4,MPI-ESM1-2-HR
48,CESM2,MPI-ESM1-2-HR
49,MIROC6,NorESM2-LM
50,INM-CM5-0,NorESM2-LM
51,EC-Earth3,MPI-ESM1-2-HR
52,CESM2,EC-Earth3-Veg
53,CNRM-ESM2-1,MPI-ESM1-2-HR
54,MPI-ESM1-2-HR,GFDL-ESM4
55,MPI-ESM1-2-HR,GFDL-ESM4
56,CAMS-CSM1-0,NorESM2-LM
57,GFDL-ESM4,GFDL-ESM4
58,CESM2,MPI-ESM1-2-HR
59,MPI-ESM1-2-HR,GFDL-ESM4
60,EC-Earth3,MPI-ESM1-2-HR
61,MRI-ESM2-0,GFDL-ESM4
62,CNRM-ESM2-1,MPI-ESM1-2-HR
63,EC-Earth3-Veg,EC-Earth3-Veg
64,CanESM5,EC-Earth3-Veg
65,GFDL-CM4,MPI-ESM1-2-HR
66,CESM2,MPI-ESM1-2-HR
67,EC-Earth3-Veg,EC-Earth3-Veg
68,CNRM-ESM2-1,MPI-ESM1-2-HR
69,GFDL-ESM4,GFDL-ESM4
70,GFDL-ESM4,GFDL-ESM4
71,NESM3,EC-Earth3-Veg
72,NESM3,EC-Earth3-Veg
73,EC-Earth3-Veg,EC-Earth3-Veg
74,MIROC6,NorESM2-LM
75,EC-Earth3-Veg,EC-Earth3-Veg
76,CanESM5,EC-Earth3-Veg
77,UKESM1-0-LL,EC-Earth3-Veg
78,CNRM-ESM2-1,MPI-ESM1-2-HR
79,NorESM2-LM,NorESM2-LM
80,NorESM2-LM,NorESM2-LM
81,EC-Earth3-Veg,EC-Earth3-Veg
82,BCC-CSM2-MR,GFDL-ESM4
83,GFDL-CM4,MPI-ESM1-2-HR
84,BCC-CSM2-MR,GFDL-ESM4
85,NorESM2-LM,NorESM2-LM
86,CESM2,EC-Earth3-Veg
87,MPI-ESM1-2-HR,GFDL-ESM4
88,GFDL-ESM4,GFDL-ESM4
89,UKESM1-0-LL,EC-Earth3-Veg
90,EC-Earth3,MPI-ESM1-2-HR
91,CESM2,EC-Earth3-Veg
92,CNRM-ESM2-1,MPI-ESM1-2-HR
93,CAMS-CSM1-0,NorESM2-LM
94,EC-Earth3-Veg,EC-Earth3-Veg
95,NESM3,EC-Earth3-Veg
96,MIROC-ES2L,NorESM2-LM
97,NESM3,EC-Earth3-Veg
98,MPI-ESM1-2-HR,GFDL-ESM4
99,CanESM5,EC-Earth3-Veg
100,CanESM5,EC-Earth3-Veg
101,CanESM5,EC-Earth3-Veg
102,MRI-ESM2-0,GFDL-ESM4
103,MIROC6,NorESM2-LM
104,GFDL-ESM4,GFDL-ESM4
105,MIROC6,NorESM2-LM
106,UKESM1-0-LL,EC-Earth3-Veg
107,EC-Earth3-Veg,EC-Earth3-Veg
108,BCC-CSM2-MR,GFDL-ESM4
109,MIROC-ES2L,NorESM2-LM
110,CNRM-CM6-1,MPI-ESM1-2-HR
111,MRI-ESM2-0,GFDL-ESM4
112,MIROC-ES2L,GFDL-ESM4
113,NorESM2-LM,NorESM2-LM
114,UKESM1-0-LL,EC-Earth3-Veg
115,NESM3,EC-Earth3-Veg
116,CanESM5,EC-Earth3-Veg
117,CAMS-CSM1-0,NorESM2-LM
118,CNRM-ESM2-1,MPI-ESM1-2-HR
119,CAMS-CSM1-0,NorESM2-LM
120,BCC-CSM2-MR,GFDL-ESM4
121,MIROC6,NorESM2-LM
122,BCC-CSM2-MR,GFDL-ESM4
123,CAMS-CSM1-0,NorESM2-LM
124,MRI-ESM2-0,GFDL-ESM4
125,GFDL-ESM4,GFDL-ESM4
126,CESM2,EC-Earth3-Veg
127,GFDL-ESM4,GFDL-ESM4
128,BCC-CSM2-MR,GFDL-ESM4
129,GFDL-CM4,MPI-ESM1-2-HR
130,NorESM2-LM,NorESM2-LM
131,CanESM5,EC-Earth3-Veg
132,MPI-ESM1-2-HR,GFDL-ESM4
133,MIROC6,NorESM2-LM
134,MIROC6,NorESM2-LM
135,GFDL-ESM4,GFDL-ESM4
136,BCC-CSM2-MR,GFDL-ESM4
137,NorESM2-LM,NorESM2-LM
138,CESM2,MPI-ESM1-2-HR
139,MIROC-ES2L,GFDL-ESM4
140,GFDL-ESM4,GFDL-ESM4
141,MRI-ESM2-0,GFDL-ESM4
142,CESM2,MPI-ESM1-2-HR
143,MRI-ESM2-0,GFDL-ESM4
144,MRI-ESM2-0,GFDL-ESM4
145,GFDL-CM4,MPI-ESM1-2-HR
146,EC-Earth3,MPI-ESM1-2-HR
147,BCC-CSM2-MR,GFDL-ESM4
148,CNRM-CM6-1,MPI-ESM1-2-HR
149,MRI-ESM2-0,GFDL-ESM4
150,CNRM-ESM2-1,MPI-ESM1-2-HR
151,CNRM-ESM2-1,MPI-ESM1-2-HR
152,INM-CM5-0,NorESM2-LM
153,MRI-ESM2-0,GFDL-ESM4
154,MPI-ESM1-2-HR,GFDL-ESM4
155,GFDL-ESM4,GFDL-ESM4
156,CNRM-CM6-1,MPI-ESM1-2-HR
157,MIROC-ES2L,GFDL-ESM4
158,CESM2,EC-Earth3-Veg
159,EC-Earth3-Veg,EC-Earth3-Veg
160,EC-Earth3-Veg,EC-Earth3-Veg
161,NorESM2-LM,NorESM2-LM
162,GFDL-CM4,MPI-ESM1-2-HR
163,GFDL-ESM4,GFDL-ESM4
164,NESM3,EC-Earth3-Veg
165,MRI-ESM2-0,GFDL-ESM4
166,CAMS-CSM1-0,NorESM2-LM
167,UKESM1-0-LL,EC-Earth3-Veg
168,MIROC-ES2L,GFDL-ESM4
169,MIROC-ES2L,GFDL-ESM4
170,UKESM1-0-LL,EC-Earth3-Veg
171,MIROC6,NorESM2-LM
172,EC-Earth3-Veg,EC-Earth3-Veg
173,NESM3,EC-Earth3-Veg
174,MIROC6,NorESM2-LM
175,EC-Earth3-Veg,EC-Earth3-Veg
176,EC-Earth3,MPI-ESM1-2-HR
177,CNRM-CM6-1,MPI-ESM1-2-HR
178,CanESM5,EC-Earth3-Veg
179,GFDL-ESM4,GFDL-ESM4
180,NorESM2-LM,NorESM2-LM
181,GFDL-ESM4,GFDL-ESM4
182,GFDL-CM4,MPI-ESM1-2-HR
183,MRI-ESM2-0,GFDL-ESM4
184,CNRM-ESM2-1,MPI-ESM1-2-HR
185,NorESM2-LM,NorESM2-LM
186,GFDL-ESM4,GFDL-ESM4
187,BCC-CSM2-MR,GFDL-ESM4
188,NESM3,EC-Earth3-Veg
189,GFDL-CM4,MPI-ESM1-2-HR
190,UKESM1-0-LL,EC-Earth3-Veg
191,UKESM1-0-LL,EC-Earth3-Veg
192,CESM2,EC-Earth3-Veg
193,BCC-CSM2-MR,GFDL-ESM4
194,NESM3,EC-Earth3-Veg
195,NESM3,EC-Earth3-Veg
196,CESM2,MPI-ESM1-2-HR
197,CESM2,MPI-ESM1-2-HR
198,CNRM-ESM2-1,MPI-ESM1-2-HR
199,UKESM1-0-LL,EC-Earth3-Veg
200,EC-Earth3-Veg,EC-Earth3-Veg
201,UKESM1-0-LL,EC-Earth3-Veg
202,GFDL-CM4,MPI-ESM1-2-HR
203,CanESM5,EC-Earth3-Veg
204,MPI-ESM1-2-HR,GFDL-ESM4
205,NESM3,EC-Earth3-Veg
206,CAMS-CSM1-0,NorESM2-LM
207,CNRM-ESM2-1,MPI-ESM1-2-HR
208,GFDL-ESM4,GFDL-ESM4
209,CNRM-ESM2-1,MPI-ESM1-2-HR
210,CNRM-CM6-1,MPI-ESM1-2-HR
211,MRI-ESM2-0,GFDL-ESM4
212,NESM3,EC-Earth3-Veg
213,MIROC-ES2L,GFDL-ESM4
214,NorESM2-LM,NorESM2-LM
215,NorESM2-LM,NorESM2-LM
216,BCC-CSM2-MR,GFDL-ESM4
217,MPI-ESM1-2-HR,GFDL-ESM4
218,MIROC-ES2L,NorESM2-LM
219,MRI-ESM2-0,GFDL-ESM4
220,MIROC-ES2L,NorESM2-LM
221,MPI-ESM1-2-HR,GFDL-ESM4
222,MPI-ESM1-2-HR,GFDL-ESM4
223,NESM3,EC-Earth3-Veg
224,NESM3,EC-Earth3-Veg
225,EC-Earth3,MPI-ESM1-2-HR
226,GFDL-CM4,MPI-ESM1-2-HR
227,INM-CM5-0,NorESM2-LM
228,CanESM5,EC-Earth3-Veg
229,MPI-ESM1-2-HR,GFDL-ESM4
230,CESM2,EC-Earth3-Veg
231,NorESM2-LM,NorESM2-LM
232,NESM3,EC-Earth3-Veg
233,CAMS-CSM1-0,NorESM2-LM
234,MIROC-ES2L,NorESM2-LM
235,CESM2,MPI-ESM1-2-HR
236,CanESM5,EC-Earth3-Veg
237,MIROC-ES2L,NorESM2-LM
238,EC-Earth3-Veg,EC-Earth3-Veg
239,UKESM1-0-LL,EC-Earth3-Veg
240,EC-Earth3-Veg,EC-Earth3-Veg
241,BCC-CSM2-MR,GFDL-ESM4
242,BCC-CSM2-MR,GFDL-ESM4
243,GFDL-ESM4,GFDL-ESM4
244,EC-Earth3-Veg,EC-Earth3-Veg
245,CAMS-CSM1-0,NorESM2-LM
246,MIROC-ES2L,NorESM2-LM
247,CAMS-CSM1-0,NorESM2-LM
248,CanESM5,EC-Earth3-Veg
249,NESM3,EC-Earth3-Veg
250,NorESM2-LM,NorESM2-LM
251,BCC-CSM2-MR,GFDL-ESM4
252,GFDL-CM4,MPI-ESM1-2-HR
253,CAMS-CSM1-0,NorESM2-LM
254,NorESM2-LM,NorESM2-LM
255,GFDL-ESM4,GFDL-ESM4
256,EC-Earth3,MPI-ESM1-2-HR
257,MIROC-ES2L,GFDL-ESM4
258,MRI-ESM2-0,GFDL-ESM4
259,UKESM1-0-LL,EC-Earth3-Veg
260,INM-CM5-0,NorESM2-LM
261,CAMS-CSM1-0,NorESM2-LM
262,MPI-ESM1-2-HR,GFDL-ESM4
263,CNRM-ESM2-1,MPI-ESM1-2-HR
264,INM-CM5-0,NorESM2-LM
265,MPI-ESM1-2-HR,GFDL-ESM4
266,UKESM1-0-LL,EC-Earth3-Veg
267,MIROC-ES2L,GFDL-ESM4
268,UKESM1-0-LL,EC-Earth3-Veg
269,UKESM1-0-LL,EC-Earth3-Veg
270,CNRM-CM6-1,MPI-ESM1-2-HR
271,CAMS-CSM1-0,NorESM2-LM
272,CanESM5,EC-Earth3-Veg
273,CanESM5,EC-Earth3-Veg
274,CanESM5,EC-Earth3-Veg
275,CAMS-CSM1-0,NorESM2-LM
276,EC-Earth3-Veg,EC-Earth3-Veg
277,UKESM1-0-LL,EC-Earth3-Veg
278,BCC-CSM2-MR,GFDL-ESM4
279,GFDL-ESM4,GFDL-ESM4
280,BCC-CSM2-MR,GFDL-ESM4
281,EC-Earth3,MPI-ESM1-2-HR
282,CESM2,MPI-ESM1-2-HR
283,CNRM-CM6-1,MPI-ESM1-2-HR
284,MIROC6,NorESM2-LM
285,GFDL-CM4,MPI-ESM1-2-HR
286,GFDL-CM4,MPI-ESM1-2-HR
287,MIROC6,NorESM2-LM
288,BCC-CSM2-MR,GFDL-ESM4
289,BCC-CSM2-MR,GFDL-ESM4
290,NorESM2-LM,NorESM2-LM
291,MIROC6,NorESM2-LM
292,EC-Earth3-Veg,EC-Earth3-Veg
293,CNRM-CM6-1,MPI-ESM1-2-HR
294,GFDL-CM4,MPI-ESM1-2-HR
295,NorESM2-LM,NorESM2-LM
296,CESM2,EC-Earth3-Veg
297,MPI-ESM1-2-HR,GFDL-ESM4
298,BCC-CSM2-MR,GFDL-ESM4
299,CNRM-CM6-1,MPI-ESM1-2-HR
300,UKESM1-0-LL,EC-Earth3-Veg
301,NorESM2-LM,NorESM2-LM
302,MRI-ESM2-0,GFDL-ESM4
303,BCC-CSM2-MR,GFDL-ESM4
304,INM-CM5-0,NorESM2-LM
305,MRI-ESM2-0,GFDL-ESM4
306,MIROC6,NorESM2-LM
307,CNRM-ESM2-1,MPI-ESM1-2-HR
308,MIROC6,NorESM2-LM
309,MIROC-ES2L,GFDL-ESM4
310,CAMS-CSM1-0,NorESM2-LM
311,CanESM5,EC-Earth3-Veg
312,UKESM1-0-LL,EC-Earth3-Veg
313,BCC-CSM2-MR,GFDL-ESM4
314,EC-Earth3,MPI-ESM1-2-HR
315,GFDL-ESM4,GFDL-ESM4
316,UKESM1-0-LL,EC-Earth3-Veg
317,CNRM-ESM2-1,MPI-ESM1-2-HR
318,MIROC6,NorESM2-LM
319,UKESM1-0-LL,EC-Earth3-Veg
320,CNRM-ESM2-1,MPI-ESM1-2-HR
321,MIROC-ES2L,GFDL-ESM4
322,NorESM2-LM,NorESM2-LM
323,EC-Earth3-Veg,EC-Earth3-Veg
324,MPI-ESM1-2-HR,GFDL-ESM4
325,GFDL-ESM4,GFDL-ESM4
326,CNRM-ESM2-1,MPI-ESM1-2-HR
327,MIROC6,NorESM2-LM
328,CNRM-CM6-1,MPI-ESM1-2-HR
329,GFDL-ESM4,GFDL-ESM4
330,BCC-CSM2-MR,GFDL-ESM4
331,NESM3,EC-Earth3-Veg
332,UKESM1-0-LL,EC-Earth3-Veg
333,CanESM5,EC-Earth3-Veg
334,NorESM2-LM,NorESM2-LM
335,CNRM-ESM2-1,MPI-ESM1-2-HR
336,MIROC-ES2L,GFDL-ESM4
337,UKESM1-0-LL,EC-Earth3-Veg
338,GFDL-CM4,MPI-ESM1-2-HR
339,CNRM-ESM2-1,MPI-ESM1-2-HR
340,CNRM-CM6-1,MPI-ESM1-2-HR
341,NorESM2-LM,NorESM2-LM
342,CESM2,EC-Earth3-Veg
343,MIROC-ES2L,GFDL-ESM4
344,MIROC6,NorESM2-LM
345,GFDL-CM4,MPI-ESM1-2-HR
346,CAMS-CSM1-0,NorESM2-LM
347,CAMS-CSM1-0,NorESM2-LM
348,MPI-ESM1-2-HR,GFDL-ESM4
349,NorESM2-LM,NorESM2-LM
350,NESM3,EC-Earth3-Veg
351,GFDL-CM4,MPI-ESM1-2-HR
352,UKESM1-0-LL,EC-Earth3-Veg
353,BCC-CSM2-MR,GFDL-ESM4
354,MIROC6,NorESM2-LM
355,NESM3,EC-Earth3-Veg
356,EC-Earth3,MPI-ESM1-2-HR
357,EC-Earth3,MPI-ESM1-2-HR
358,MIROC-ES2L,NorESM2-LM
359,CanESM5,EC-Earth3-Veg
360,CAMS-CSM1-0,NorESM2-LM
361,BCC-CSM2-MR,GFDL-ESM4
362,MPI-ESM1-2-HR,GFDL-ESM4
363,CanESM5,EC-Earth3-Veg
364,EC-Earth3-Veg,EC-Earth3-Veg
365,CESM2,MPI-ESM1-2-HR
366,MRI-ESM2-0,GFDL-ESM4
367,MPI-ESM1-2-HR,GFDL-ESM4
368,CanESM5,EC-Earth3-Veg
369,MIROC-ES2L,NorESM2-LM
370,INM-CM5-0,NorESM2-LM
371,MIROC6,NorESM2-LM
372,GFDL-CM4,MPI-ESM1-2-HR
373,MIROC-ES2L,NorESM2-LM
374,CNRM-ESM2-1,MPI-ESM1-2-HR
375,EC-Earth3-Veg,EC-Earth3-Veg
376,BCC-CSM2-MR,GFDL-ESM4
377,MRI-ESM2-0,GFDL-ESM4
378,MRI-ESM2-0,GFDL-ESM4
379,INM-CM5-0,NorESM2-LM
380,UKESM1-0-LL,EC-Earth3-Veg
381,MPI-ESM1-2-HR,GFDL-ESM4
382,GFDL-ESM4,GFDL-ESM4
383,GFDL-ESM4,GFDL-ESM4
384,EC-Earth3,MPI-ESM1-2-HR
385,CNRM-ESM2-1,MPI-ESM1-2-HR
386,MRI-ESM2-0,GFDL-ESM4
387,CNRM-ESM2-1,MPI-ESM1-2-HR
388,CanESM5,EC-Earth3-Veg
389,CAMS-CSM1-0,NorESM2-LM
390,INM-CM5-0,NorESM2-LM
391,EC-Earth3-Veg,EC-Earth3-Veg
392,NESM3,EC-Earth3-Veg
393,EC-Earth3,MPI-ESM1-2-HR
394,BCC-CSM2-MR,GFDL-ESM4
395,EC-Earth3-Veg,EC-Earth3-Veg
396,CESM2,EC-Earth3-Veg
397,MPI-ESM1-2-HR,GFDL-ESM4
398,EC-Earth3,MPI-ESM1-2-HR
399,CNRM-CM6-1,MPI-ESM1-2-HR
400,NorESM2-LM,NorESM2-LM
401,NorESM2-LM,NorESM2-LM
402,MIROC-ES2L,GFDL-ESM4
403,CanESM5,EC-Earth3-Veg
404,NESM3,EC-Earth3-Veg
405,CNRM-CM6-1,MPI-ESM1-2-HR
406,CNRM-CM6-1,MPI-ESM1-2-HR
407,MRI-ESM2-0,GFDL-ESM4
408,BCC-CSM2-MR,GFDL-ESM4
409,CNRM-ESM2-1,MPI-ESM1-2-HR
410,CanESM5,EC-Earth3-Veg
411,CAMS-CSM1-0,NorESM2-LM
412,NESM3,EC-Earth3-Veg
413,GFDL-ESM4,GFDL-ESM4
414,INM-CM5-0,NorESM2-LM
415,BCC-CSM2-MR,GFDL-ESM4
416,CanESM5,EC-Earth3-Veg
417,INM-CM5-0,NorESM2-LM
418,GFDL-CM4,MPI-ESM1-2-HR
419,EC-Earth3-Veg,EC-Earth3-Veg
420,CESM2,MPI-ESM1-2-HR
421,MIROC6,NorESM2-LM
422,GFDL-CM4,MPI-ESM1-2-HR
423,NESM3,EC-Earth3-Veg
424,CNRM-ESM2-1,MPI-ESM1-2-HR
425,EC-Earth3,MPI-ESM1-2-HR
426,MIROC6,NorESM2-LM
427,CNRM-CM6-1,MPI-ESM1-2-HR
428,EC-Earth3-Veg,EC-Earth3-Veg
429,EC-Earth3,MPI-ESM1-2-HR
430,CanESM5,EC-Earth3-Veg
431,INM-CM5-0,NorESM2-LM
432,CanESM5,EC-Earth3-Veg
433,NESM3,EC-Earth3-Veg
434,EC-Earth3,MPI-ESM1-2-HR
435,MPI-ESM1-2-HR,GFDL-ESM4
436,GFDL-CM4,MPI-ESM1-2-HR
437,MPI-ESM1-2-HR,GFDL-ESM4
438,GFDL-ESM4,GFDL-ESM4
439,MIROC-ES2L,GFDL-ESM4
440,UKESM1-0-LL,EC-Earth3-Veg
441,MIROC6,NorESM2-LM
442,INM-CM5-0,NorESM2-LM
443,CanESM5,EC-Earth3-Veg
444,CNRM-CM6-1,MPI-ESM1-2-HR
445,BCC-CSM2-MR,GFDL-ESM4
446,GFDL-ESM4,GFDL-ESM4
447,MIROC6,NorESM2-LM
448,GFDL-ESM4,GFDL-ESM4
449,CNRM-CM6-1,MPI-ESM1-2-HR
450,UKESM1-0-LL,EC-Earth3-Veg
451,CESM2,EC-Earth3-Veg
452,MIROC-ES2L,NorESM2-LM
453,CNRM-CM6-1,MPI-ESM1-2-HR
454,MIROC6,NorESM2-LM
455,NorESM2-LM,NorESM2-LM
456,INM-CM5-0,NorESM2-LM
457,CNRM-ESM2-1,MPI-ESM1-2-HR
458,MIROC6,NorESM2-LM
459,GFDL-CM4,MPI-ESM1-2-HR
460,CanESM5,EC-Earth3-Veg
461,CNRM-ESM2-1,MPI-ESM1-2-HR
462,CanESM5,EC-Earth3-Veg
463,GFDL-ESM4,GFDL-ESM4
464,CAMS-CSM1-0,NorESM2-LM
465,EC-Earth3,MPI-ESM1-2-HR
466,EC-Earth3-Veg,EC-Earth3-Veg
467,CNRM-ESM2-1,MPI-ESM1-2-HR
468,EC-Earth3-Veg,EC-Earth3-Veg
469,NorESM2-LM,NorESM2-LM
470,EC-Earth3-Veg,EC-Earth3-Veg
471,NorESM2-LM,NorESM2-LM
472,CNRM-CM6-1,MPI-ESM1-2-HR
473,EC-Earth3-Veg,EC-Earth3-Veg
474,GFDL-CM4,MPI-ESM1-2-HR
475,MRI-ESM2-0,GFDL-ESM4
476,CNRM-CM6-1,MPI-ESM1-2-HR
477,MIROC-ES2L,NorESM2-LM
478,CNRM-CM6-1,MPI-ESM1-2-HR
479,CanESM5,EC-Earth3-Veg
480,CNRM-CM6-1,MPI-ESM1-2-HR
481,EC-Earth3-Veg,EC-Earth3-Veg
482,MPI-ESM1-2-HR,GFDL-ESM4
483,MIROC6,NorESM2-LM
484,BCC-CSM2-MR,GFDL-ESM4
485,EC-Earth3-Veg,EC-Earth3-Veg
486,MRI-ESM2-0,GFDL-ESM4
487,CAMS-CSM1-0,NorESM2-LM
488,BCC-CSM2-MR,GFDL-ESM4
489,BCC-CSM2-MR,GFDL-ESM4
490,MRI-ESM2-0,GFDL-ESM4
491,CNRM-ESM2-1,MPI-ESM1-2-HR
492,CNRM-CM6-1,MPI-ESM1-2-HR
493,UKESM1-0-LL,EC-Earth3-Veg
494,CAMS-CSM1-0,NorESM2-LM
495,CNRM-CM6-1,MPI-ESM1-2-HR
496,EC-Earth3,MPI-ESM1-2-HR
497,INM-CM5-0,NorESM2-LM
498,GFDL-ESM4,GFDL-ESM4
499,MIROC-ES2L,NorESM2-LM
500,EC-Earth3-Veg,EC-Earth3-Veg
501,NESM3,EC-Earth3-Veg
502,MRI-ESM2-0,GFDL-ESM4
503,MPI-ESM1-2-HR,GFDL-ESM4
504,CAMS-CSM1-0,NorESM2-LM
505,BCC-CSM2-MR,GFDL-ESM4
506,CESM2,EC-Earth3-Veg
507,UKESM1-0-LL,EC-Earth3-Veg
508,MPI-ESM1-2-HR,GFDL-ESM4
509,GFDL-ESM4,GFDL-ESM4
510,UKESM1-0-LL,EC-Earth3-Veg
511,MPI-ESM1-2-HR,GFDL-ESM4
512,MIROC-ES2L,GFDL-ESM4
513,CNRM-CM6-1,MPI-ESM1-2-HR
514,NESM3,EC-Earth3-Veg
515,GFDL-ESM4,GFDL-ESM4
516,MIROC6,NorESM2-LM
517,MPI-ESM1-2-HR,GFDL-ESM4
518,UKESM1-0-LL,EC-Earth3-Veg
519,CAMS-CSM1-0,NorESM2-LM
520,GFDL-CM4,MPI-ESM1-2-HR
521,CAMS-CSM1-0,NorESM2-LM
522,CanESM5,EC-Earth3-Veg
523,MIROC6,NorESM2-LM
524,UKESM1-0-LL,EC-Earth3-Veg
525,CESM2,EC-Earth3-Veg
526,MRI-ESM2-0,GFDL-ESM4
527,INM-CM5-0,NorESM2-LM
528,NorESM2-LM,NorESM2-LM
529,MRI-ESM2-0,GFDL-ESM4
530,INM-CM5-0,NorESM2-LM
531,CanESM5,EC-Earth3-Veg
532,GFDL-ESM4,GFDL-ESM4
533,MIROC-ES2L,GFDL-ESM4
534,INM-CM5-0,NorESM2-LM
535,CESM2,EC-Earth3-Veg
536,MIROC6,NorESM2-LM
537,GFDL-ESM4,GFDL-ESM4
538,CanESM5,EC-Earth3-Veg
539,GFDL-CM4,MPI-ESM1-2-HR
540,MRI-ESM2-0,GFDL-ESM4
541,GFDL-CM4,MPI-ESM1-2-HR
542,CNRM-CM6-1,MPI-ESM1-2-HR
543,CAMS-CSM1-0,NorESM2-LM
544,NESM3,EC-Earth3-Veg
545,GFDL-CM4,MPI-ESM1-2-HR
546,GFDL-CM4,MPI-ESM1-2-HR
547,NESM3,EC-Earth3-Veg
548,GFDL-ESM4,GFDL-ESM4
549,CAMS-CSM1-0,NorESM2-LM
550,BCC-CSM2-MR,GFDL-ESM4
551,CNRM-CM6-1,MPI-ESM1-2-HR
552,CNRM-ESM2-1,MPI-ESM1-2-HR
553,BCC-CSM2-MR,GFDL-ESM4
554,CNRM-ESM2-1,MPI-ESM1-2-HR
555,EC-Earth3-Veg,EC-Earth3-Veg
556,CAMS-CSM1-0,NorESM2-LM
557,CNRM-ESM2-1,MPI-ESM1-2-HR
558,NorESM2-LM,NorESM2-LM
559,GFDL-ESM4,GFDL-ESM4
560,NorESM2-LM,NorESM2-LM
561,EC-Earth3,MPI-ESM1-2-HR
562,CESM2,EC-Earth3-Veg
563,CAMS-CSM1-0,NorESM2-LM
564,UKESM1-0-LL,EC-Earth3-Veg
565,BCC-CSM2-MR,GFDL-ESM4
566,GFDL-ESM4,GFDL-ESM4
567,MIROC-ES2L,GFDL-ESM4
568,CESM2,MPI-ESM1-2-HR
569,INM-CM5-0,NorESM2-LM
570,NESM3,EC-Earth3-Veg
571,MIROC-ES2L,NorESM2-LM
572,CNRM-ESM2-1,MPI-ESM1-2-HR
573,MPI-ESM1-2-HR,GFDL-ESM4
574,CESM2,EC-Earth3-Veg
575,BCC-CSM2-MR,GFDL-ESM4
576,CNRM-ESM2-1,MPI-ESM1-2-HR
577,MPI-ESM1-2-HR,GFDL-ESM4
578,CNRM-CM6-1,MPI-ESM1-2-HR
579,CAMS-CSM1-0,NorESM2-LM
580,INM-CM5-0,NorESM2-LM
581,NESM3,EC-Earth3-Veg
582,GFDL-ESM4,GFDL-ESM4
583,CNRM-ESM2-1,MPI-ESM1-2-HR
584,EC-Earth3,MPI-ESM1-2-HR
585,CanESM5,EC-Earth3-Veg
586,EC-Earth3,MPI-ESM1-2-HR
587,MPI-ESM1-2-HR,GFDL-ESM4
588,MIROC6,NorESM2-LM
589,NorESM2-LM,NorESM2-LM
590,MIROC-ES2L,GFDL-ESM4
591,CNRM-CM6-1,MPI-ESM1-2-HR
592,UKESM1-0-LL,EC-Earth3-Veg
593,MIROC6,NorESM2-LM
594,UKESM1-0-LL,EC-Earth3-Veg
595,EC-Earth3-Veg,EC-Earth3-Veg
596,UKESM1-0-LL,EC-Earth3-Veg
597,GFDL-CM4,MPI-ESM1-2-HR
598,MPI-ESM1-2-HR,GFDL-ESM4
599,UKESM1-0-LL,EC-Earth3-Veg
600,EC-Earth3-Veg,EC-Earth3-Veg
601,EC-Earth3-Veg,EC-Earth3-Veg
602,CNRM-ESM2-1,MPI-ESM1-2-HR
603,GFDL-ESM4,GFDL-ESM4
604,MIROC-ES2L,NorESM2-LM
605,UKESM1-0-LL,EC-Earth3-Veg
606,NorESM2-LM,NorESM2-LM
607,GFDL-ESM4,GFDL-ESM4
608,GFDL-ESM4,GFDL-ESM4
609,NorESM2-LM,NorESM2-LM
610,MPI-ESM1-2-HR,GFDL-ESM4
611,MPI-ESM1-2-HR,GFDL-ESM4
612,GFDL-CM4,MPI-ESM1-2-HR
613,GFDL-CM4,MPI-ESM1-2-HR
614,CESM2,EC-Earth3-Veg
615,CESM2,EC-Earth3-Veg
616,CNRM-ESM2-1,MPI-ESM1-2-HR
617,NorESM2-LM,NorESM2-LM
618,UKESM1-0-LL,EC-Earth3-Veg
619,GFDL-CM4,MPI-ESM1-2-HR
620,CNRM-CM6-1,MPI-ESM1-2-HR
621,INM-CM5-0,NorESM2-LM
622,NorESM2-LM,NorESM2-LM
623,CanESM5,EC-Earth3-Veg
624,INM-CM5-0,NorESM2-LM
625,NorESM2-LM,NorESM2-LM
626,MIROC-ES2L,GFDL-ESM4
627,CNRM-ESM2-1,MPI-ESM1-2-HR
628,CNRM-ESM2-1,MPI-ESM1-2-HR
629,CAMS-CSM1-0,NorESM2-LM
630,MIROC-ES2L,NorESM2-LM
631,MPI-ESM1-2-HR,GFDL-ESM4
632,INM-CM5-0,NorESM2-LM
633,NorESM2-LM,NorESM2-LM
634,MRI-ESM2-0,GFDL-ESM4
635,CanESM5,EC-Earth3-Veg
636,MIROC-ES2L,NorESM2-LM
637,EC-Earth3,MPI-ESM1-2-HR
638,MRI-ESM2-0,GFDL-ESM4
639,CAMS-CSM1-0,NorESM2-LM
640,CNRM-ESM2-1,MPI-ESM1-2-HR
641,EC-Earth3-Veg,EC-Earth3-Veg
642,CNRM-CM6-1,MPI-ESM1-2-HR
643,EC-Earth3-Veg,EC-Earth3-Veg
644,EC-Earth3,MPI-ESM1-2-HR
645,INM-CM5-0,NorESM2-LM
646,EC-Earth3-Veg,EC-Earth3-Veg
647,GFDL-CM4,MPI-ESM1-2-HR
648,NorESM2-LM,NorESM2-LM
649,EC-Earth3,MPI-ESM1-2-HR
650,UKESM1-0-LL,EC-Earth3-Veg
651,UKESM1-0-LL,EC-Earth3-Veg
652,EC-Earth3-Veg,EC-Earth3-Veg
653,CNRM-ESM2-1,MPI-ESM1-2-HR
654,MIROC-ES2L,NorESM2-LM
655,CNRM-ESM2-1,MPI-ESM1-2-HR
656,CESM2,EC-Earth3-Veg
657,BCC-CSM2-MR,GFDL-ESM4
658,GFDL-CM4,MPI-ESM1-2-HR
659,CESM2,EC-Earth3-Veg
660,CNRM-ESM2-1,MPI-ESM1-2-HR
661,NorESM2-LM,NorESM2-LM
662,MPI-ESM1-2-HR,GFDL-ESM4
663,NESM3,EC-Earth3-Veg
664,EC-Earth3,MPI-ESM1-2-HR
665,CAMS-CSM1-0,NorESM2-LM
666,MPI-ESM1-2-HR,GFDL-ESM4
667,NESM3,EC-Earth3-Veg
668,MIROC6,NorESM2-LM
669,CESM2,EC-Earth3-Veg
670,MPI-ESM1-2-HR,GFDL-ESM4
671,CNRM-ESM2-1,MPI-ESM1-2-HR
672,MIROC-ES2L,NorESM2-LM
673,NorESM2-LM,NorESM2-LM
674,INM-CM5-0,NorESM2-LM
675,MIROC6,NorESM2-LM
676,GFDL-CM4,MPI-ESM1-2-HR
677,EC-Earth3,MPI-ESM1-2-HR
678,GFDL-ESM4,GFDL-ESM4
679,GFDL-CM4,MPI-ESM1-2-HR
680,MPI-ESM1-2-HR,GFDL-ESM4
681,CNRM-CM6-1,MPI-ESM1-2-HR
682,NESM3,EC-Earth3-Veg
683,CNRM-ESM2-1,MPI-ESM1-2-HR
684,GFDL-CM4,MPI-ESM1-2-HR
685,MIROC-ES2L,NorESM2-LM
686,CanESM5,EC-Earth3-Veg
687,INM-CM5-0,NorESM2-LM
688,MPI-ESM1-2-HR,GFDL-ESM4
689,MPI-ESM1-2-HR,GFDL-ESM4
690,EC-Earth3,MPI-ESM1-2-HR
691,CAMS-CSM1-0,NorESM2-LM
692,INM-CM5-0,NorESM2-LM
693,GFDL-CM4,MPI-ESM1-2-HR
694,UKESM1-0-LL,EC-Earth3-Veg
695,INM-CM5-0,NorESM2-LM
696,GFDL-CM4,MPI-ESM1-2-HR
697,CAMS-CSM1-0,NorESM2-LM
698,BCC-CSM2-MR,GFDL-ESM4
699,UKESM1-0-LL,EC-Earth3-Veg
700,MRI-ESM2-0,GFDL-ESM4
701,INM-CM5-0,NorESM2-LM
702,CanESM5,EC-Earth3-Veg
703,NESM3,EC-Earth3-Veg
704,NESM3,EC-Earth3-Veg
705,INM-CM5-0,NorESM2-LM
706,CNRM-CM6-1,MPI-ESM1-2-HR
707,NorESM2-LM,NorESM2-LM
708,CESM2,EC-Earth3-Veg
709,CESM2,MPI-ESM1-2-HR
710,CNRM-CM6-1,MPI-ESM1-2-HR
711,GFDL-ESM4,GFDL-ESM4
712,GFDL-ESM4,GFDL-ESM4
713,MIROC6,NorESM2-LM
714,MRI-ESM2-0,GFDL-ESM4
715,EC-Earth3-Veg,EC-Earth3-Veg
716,CNRM-CM6-1,MPI-ESM1-2-HR
717,INM-CM5-0,NorESM2-LM
718,NESM3,EC-Earth3-Veg
719,UKESM1-0-LL,EC-Earth3-Veg
720,CanESM5,EC-Earth3-Veg
721,CNRM-ESM2-1,MPI-ESM1-2-HR
722,GFDL-CM4,MPI-ESM1-2-HR
723,EC-Earth3,MPI-ESM1-2-HR
724,MIROC6,NorESM2-LM
725,MRI-ESM2-0,GFDL-ESM4
726,NESM3,EC-Earth3-Veg
727,EC-Earth3,MPI-ESM1-2-HR
728,CAMS-CSM1-0,NorESM2-LM
729,GFDL-ESM4,GFDL-ESM4
730,MPI-ESM1-2-HR,GFDL-ESM4
731,MIROC6,NorESM2-LM
732,INM-CM5-0,NorESM2-LM
733,CESM2,EC-Earth3-Veg
734,NESM3,EC-Earth3-Veg
735,EC-Earth3-Veg,EC-Earth3-Veg
736,BCC-CSM2-MR,GFDL-ESM4
737,EC-Earth3,MPI-ESM1-2-HR
738,MIROC-ES2L,GFDL-ESM4
739,EC-Earth3-Veg,EC-Earth3-Veg
740,MIROC6,NorESM2-LM
741,UKESM1-0-LL,EC-Earth3-Veg
742,CAMS-CSM1-0,NorESM2-LM
743,CESM2,MPI-ESM1-2-HR
744,INM-CM5-0,NorESM2-LM
745,CNRM-ESM2-1,MPI-ESM1-2-HR
746,CNRM-CM6-1,MPI-ESM1-2-HR
747,MPI-ESM1-2-HR,GFDL-ESM4
748,NESM3,EC-Earth3-Veg
749,MIROC6,NorESM2-LM
750,NESM3,EC-Earth3-Veg
751,CNRM-CM6-1,MPI-ESM1-2-HR
752,EC-Earth3-Veg,EC-Earth3-Veg
753,CESM2,EC-Earth3-Veg
754,CNRM-ESM2-1,MPI-ESM1-2-HR
755,UKESM1-0-LL,EC-Earth3-Veg
756,CanESM5,EC-Earth3-Veg
757,CAMS-CSM1-0,NorESM2-LM
758,CanESM5,EC-Earth3-Veg
759,CESM2,EC-Earth3-Veg
760,NorESM2-LM,NorESM2-LM
761,INM-CM5-0,NorESM2-LM
762,CAMS-CSM1-0,NorESM2-LM
763,NorESM2-LM,NorESM2-LM
764,EC-Earth3-Veg,EC-Earth3-Veg
765,MIROC6,NorESM2-LM
766,CanESM5,EC-Earth3-Veg
767,CNRM-CM6-1,MPI-ESM1-2-HR
768,EC-Earth3,MPI-ESM1-2-HR
769,MPI-ESM1-2-HR,GFDL-ESM4
770,MPI-ESM1-2-HR,GFDL-ESM4
771,EC-Earth3-Veg,EC-Earth3-Veg
772,EC-Earth3-Veg,EC-Earth3-Veg
773,CESM2,EC-Earth3-Veg
774,CNRM-CM6-1,MPI-ESM1-2-HR
775,NESM3,EC-Earth3-Veg
776,BCC-CSM2-MR,GFDL-ESM4
777,CESM2,EC-Earth3-Veg
778,MRI-ESM2-0,GFDL-ESM4
779,CESM2,EC-Earth3-Veg
780,MIROC-ES2L,NorESM2-LM
781,NESM3,EC-Earth3-Veg
782,MIROC6,NorESM2-LM
783,CAMS-CSM1-0,NorESM2-LM
784,MIROC6,NorESM2-LM
785,NESM3,EC-Earth3-Veg
786,GFDL-CM4,MPI-ESM1-2-HR
787,CNRM-ESM2-1,MPI-ESM1-2-HR
788,NESM3,EC-Earth3-Veg
789,BCC-CSM2-MR,GFDL-ESM4
790,CNRM-ESM2-1,MPI-ESM1-2-HR
791,UKESM1-0-LL,EC-Earth3-Veg
792,CanESM5,EC-Earth3-Veg
793,MRI-ESM2-0,GFDL-ESM4
794,CESM2,EC-Earth3-Veg
795,BCC-CSM2-MR,GFDL-ESM4
796,CESM2,MPI-ESM1-2-HR
797,NESM3,EC-Earth3-Veg
798,UKESM1-0-LL,EC-Earth3-Veg
799,EC-Earth3,MPI-ESM1-2-HR
800,NorESM2-LM,NorESM2-LM
801,CNRM-CM6-1,MPI-ESM1-2-HR
802,MRI-ESM2-0,GFDL-ESM4
803,GFDL-ESM4,GFDL-ESM4
804,INM-CM5-0,NorESM2-LM
805,BCC-CSM2-MR,GFDL-ESM4
806,MIROC-ES2L,GFDL-ESM4
807,MIROC-ES2L,NorESM2-LM
808,MRI-ESM2-0,GFDL-ESM4
809,MRI-ESM2-0,GFDL-ESM4
810,NESM3,EC-Earth3-Veg
811,CESM2,MPI-ESM1-2-HR
812,UKESM1-0-LL,EC-Earth3-Veg
813,CAMS-CSM1-0,NorESM2-LM
814,CAMS-CSM1-0,NorESM2-LM
815,MRI-ESM2-0,GFDL-ESM4
816,EC-Earth3-Veg,EC-Earth3-Veg
817,EC-Earth3-Veg,EC-Earth3-Veg
818,CNRM-CM6-1,MPI-ESM1-2-HR
819,CAMS-CSM1-0,NorESM2-LM
820,INM-CM5-0,NorESM2-LM
821,NESM3,EC-Earth3-Veg
822,MIROC-ES2L,NorESM2-LM
823,GFDL-CM4,MPI-ESM1-2-HR
824,MPI-ESM1-2-HR,GFDL-ESM4
825,CNRM-ESM2-1,MPI-ESM1-2-HR
826,MPI-ESM1-2-HR,GFDL-ESM4
827,CNRM-CM6-1,MPI-ESM1-2-HR
828,MRI-ESM2-0,GFDL-ESM4
829,NorESM2-LM,NorESM2-LM
830,CESM2,MPI-ESM1-2-HR
831,EC-Earth3,MPI-ESM1-2-HR
832,CNRM-CM6-1,MPI-ESM1-2-HR
833,CNRM-ESM2-1,MPI-ESM1-2-HR
834,MPI-ESM1-2-HR,GFDL-ESM4
835,CNRM-CM6-1,MPI-ESM1-2-HR
836,GFDL-ESM4,GFDL-ESM4
837,EC-Earth3,MPI-ESM1-2-HR
838,UKESM1-0-LL,EC-Earth3-Veg
839,NESM3,EC-Earth3-Veg
840,MIROC-ES2L,GFDL-ESM4
841,GFDL-ESM4,GFDL-ESM4
842,GFDL-CM4,MPI-ESM1-2-HR
843,EC-Earth3,MPI-ESM1-2-HR
844,EC-Earth3-Veg,EC-Earth3-Veg
845,INM-CM5-0,NorESM2-LM
846,CNRM-ESM2-1,MPI-ESM1-2-HR
847,CNRM-CM6-1,MPI-ESM1-2-HR
848,BCC-CSM2-MR,GFDL-ESM4
849,UKESM1-0-LL,EC-Earth3-Veg
850,GFDL-CM4,MPI-ESM1-2-HR
851,CESM2,MPI-ESM1-2-HR
852,CNRM-CM6-1,MPI-ESM1-2-HR
853,UKESM1-0-LL,EC-Earth3-Veg
854,CAMS-CSM1-0,NorESM2-LM
855,CAMS-CSM1-0,NorESM2-LM
856,INM-CM5-0,NorESM2-LM
857,MPI-ESM1-2-HR,GFDL-ESM4
858,NorESM2-LM,NorESM2-LM
859,EC-Earth3-Veg,EC-Earth3-Veg
860,CanESM5,EC-Earth3-Veg
861,CNRM-ESM2-1,MPI-ESM1-2-HR
862,MIROC-ES2L,NorESM2-LM
863,MIROC-ES2L,GFDL-ESM4
864,EC-Earth3-Veg,EC-Earth3-Veg
865,CESM2,MPI-ESM1-2-HR
866,CESM2,EC-Earth3-Veg
867,UKESM1-0-LL,EC-Earth3-Veg
868,EC-Earth3,MPI-ESM1-2-HR
869,CNRM-CM6-1,MPI-ESM1-2-HR
870,EC-Earth3,MPI-ESM1-2-HR
871,EC-Earth3,MPI-ESM1-2-HR
872,CAMS-CSM1-0,NorESM2-LM
873,BCC-CSM2-MR,GFDL-ESM4
874,EC-Earth3-Veg,EC-Earth3-Veg
875,GFDL-CM4,MPI-ESM1-2-HR
876,GFDL-CM4,MPI-ESM1-2-HR
877,EC-Earth3,MPI-ESM1-2-HR
878,CNRM-CM6-1,MPI-ESM1-2-HR
879,CESM2,EC-Earth3-Veg
880,CanESM5,EC-Earth3-Veg
881,GFDL-ESM4,GFDL-ESM4
882,MPI-ESM1-2-HR,GFDL-ESM4
883,GFDL-CM4,MPI-ESM1-2-HR
884,MIROC6,NorESM2-LM
885,CNRM-ESM2-1,MPI-ESM1-2-HR
886,CAMS-CSM1-0,NorESM2-LM
887,MPI-ESM1-2-HR,GFDL-ESM4
888,GFDL-CM4,MPI-ESM1-2-HR
889,CAMS-CSM1-0,NorESM2-LM
890,CanESM5,EC-Earth3-Veg
891,NESM3,EC-Earth3-Veg
892,EC-Earth3,MPI-ESM1-2-HR
893,CNRM-ESM2-1,MPI-ESM1-2-HR
894,MPI-ESM1-2-HR,GFDL-ESM4
895,CNRM-ESM2-1,MPI-ESM1-2-HR
896,GFDL-CM4,MPI-ESM1-2-HR
897,BCC-CSM2-MR,GFDL-ESM4
898,INM-CM5-0,NorESM2-LM
899,CanESM5,EC-Earth3-Veg
900,MPI-ESM1-2-HR,GFDL-ESM4
901,CAMS-CSM1-0,NorESM2-LM
902,EC-Earth3-Veg,EC-Earth3-Veg
903,EC-Earth3-Veg,EC-Earth3-Veg
904,CAMS-CSM1-0,NorESM2-LM
905,MRI-ESM2-0,GFDL-ESM4
906,CanESM5,EC-Earth3-Veg
907,NorESM2-LM,NorESM2-LM
908,MIROC6,NorESM2-LM
909,CESM2,MPI-ESM1-2-HR
910,CNRM-CM6-1,MPI-ESM1-2-HR
911,CNRM-CM6-1,MPI-ESM1-2-HR
912,MIROC-ES2L,GFDL-ESM4
913,UKESM1-0-LL,EC-Earth3-Veg
914,CAMS-CSM1-0,NorESM2-LM
915,CAMS-CSM1-0,NorESM2-LM
916,INM-CM5-0,NorESM2-LM
917,CNRM-CM6-1,MPI-ESM1-2-HR
918,INM-CM5-0,NorESM2-LM
919,MRI-ESM2-0,GFDL-ESM4
920,CanESM5,EC-Earth3-Veg
921,EC-Earth3-Veg,EC-Earth3-Veg
922,NorESM2-LM,NorESM2-LM
923,GFDL-CM4,MPI-ESM1-2-HR
924,MPI-ESM1-2-HR,GFDL-ESM4
925,CAMS-CSM1-0,NorESM2-LM
926,CNRM-CM6-1,MPI-ESM1-2-HR
927,GFDL-CM4,MPI-ESM1-2-HR
928,CNRM-ESM2-1,MPI-ESM1-2-HR
929,MRI-ESM2-0,GFDL-ESM4
930,CESM2,EC-Earth3-Veg
931,MPI-ESM1-2-HR,GFDL-ESM4
932,MIROC-ES2L,GFDL-ESM4
933,CESM2,MPI-ESM1-2-HR
934,CanESM5,EC-Earth3-Veg
935,UKESM1-0-LL,EC-Earth3-Veg
936,CAMS-CSM1-0,NorESM2-LM
937,CESM2,MPI-ESM1-2-HR
938,CNRM-ESM2-1,MPI-ESM1-2-HR
939,CanESM5,EC-Earth3-Veg
940,MIROC6,NorESM2-LM
941,NorESM2-LM,NorESM2-LM
942,MRI-ESM2-0,GFDL-ESM4
943,BCC-CSM2-MR,GFDL-ESM4
944,BCC-CSM2-MR,GFDL-ESM4
945,MIROC-ES2L,NorESM2-LM
946,CNRM-ESM2-1,MPI-ESM1-2-HR
947,CanESM5,EC-Earth3-Veg
948,GFDL-ESM4,GFDL-ESM4
949,MPI-ESM1-2-HR,GFDL-ESM4
950,INM-CM5-0,NorESM2-LM
951,EC-Earth3,MPI-ESM1-2-HR
952,CanESM5,EC-Earth3-Veg
953,MIROC6,NorESM2-LM
954,MIROC-ES2L,GFDL-ESM4
955,MIROC6,NorESM2-LM
956,NorESM2-LM,NorESM2-LM
957,INM-CM5-0,NorESM2-LM
958,CAMS-CSM1-0,NorESM2-LM
959,NorESM2-LM,NorESM2-LM
960,EC-Earth3,MPI-ESM1-2-HR
961,CESM2,MPI-ESM1-2-HR
962,EC-Earth3-Veg,EC-Earth3-Veg
963,CNRM-ESM2-1,MPI-ESM1-2-HR
964,MIROC6,NorESM2-LM
965,MRI-ESM2-0,GFDL-ESM4
966,GFDL-CM4,MPI-ESM1-2-HR
967,CanESM5,EC-Earth3-Veg
968,GFDL-CM4,MPI-ESM1-2-HR
969,CNRM-CM6-1,MPI-ESM1-2-HR
970,NorESM2-LM,NorESM2-LM
971,EC-Earth3,MPI-ESM1-2-HR
972,CAMS-CSM1-0,NorESM2-LM
973,INM-CM5-0,NorESM2-LM
974,MRI-ESM2-0,GFDL-ESM4
975,INM-CM5-0,NorESM2-LM
976,MRI-ESM2-0,GFDL-ESM4
977,GFDL-ESM4,GFDL-ESM4
978,MIROC-ES2L,NorESM2-LM
979,EC-Earth3,MPI-ESM1-2-HR
980,GFDL-CM4,MPI-ESM1-2-HR
981,MIROC6,NorESM2-LM
982,EC-Earth3-Veg,EC-Earth3-Veg
983,GFDL-ESM4,GFDL-ESM4
984,MPI-ESM1-2-HR,GFDL-ESM4
985,MIROC6,NorESM2-LM
986,BCC-CSM2-MR,GFDL-ESM4
987,UKESM1-0-LL,EC-Earth3-Veg
988,MIROC6,NorESM2-LM
989,MIROC-ES2L,GFDL-ESM4
990,NorESM2-LM,NorESM2-LM
991,BCC-CSM2-MR,GFDL-ESM4
992,BCC-CSM2-MR,GFDL-ESM4
993,CAMS-CSM1-0,NorESM2-LM
994,CNRM-CM6-1,MPI-ESM1-2-HR
995,NorESM2-LM,NorESM2-LM
996,CNRM-ESM2-1,MPI-ESM1-2-HR
997,MRI-ESM2-0,GFDL-ESM4
998,MRI-ESM2-0,GFDL-ESM4
999,GFDL-CM4,MPI-ESM1-2-HR
1000,MRI-ESM2-0,GFDL-ESM4
1001,INM-CM5-0,NorESM2-LM
1002,INM-CM5-0,NorESM2-LM
1003,MRI-ESM2-0,GFDL-ESM4
1004,MPI-ESM1-2-HR,GFDL-ESM4
1005,CNRM-CM6-1,MPI-ESM1-2-HR
1006,MIROC-ES2L,GFDL-ESM4
1007,NorESM2-LM,NorESM2-LM
1008,MRI-ESM2-0,GFDL-ESM4
1009,BCC-CSM2-MR,GFDL-ESM4
1010,NorESM2-LM,NorESM2-LM
1011,MRI-ESM2-0,GFDL-ESM4
1012,CanESM5,EC-Earth3-Veg
1013,MIROC-ES2L,NorESM2-LM
1014,MIROC6,NorESM2-LM
1015,CanESM5,EC-Earth3-Veg
1016,CNRM-CM6-1,MPI-ESM1-2-HR
1017,BCC-CSM2-MR,GFDL-ESM4
1018,MPI-ESM1-2-HR,GFDL-ESM4
1019,MRI-ESM2-0,MPI-ESM1-2-HR
1020,GFDL-CM4,MPI-ESM1-2-HR
1021,GFDL-ESM4,GFDL-ESM4
1022,GFDL-CM4,MPI-ESM1-2-HR
1023,MRI-ESM2-0,GFDL-ESM4
1024,MPI-ESM1-2-HR,GFDL-ESM4
1025,CESM2,EC-Earth3-Veg
1026,NESM3,EC-Earth3-Veg
1027,EC-Earth3-Veg,EC-Earth3-Veg
1028,GFDL-ESM4,GFDL-ESM4
1029,GFDL-CM4,MPI-ESM1-2-HR
1030,EC-Earth3-Veg,EC-Earth3-Veg
1031,NESM3,EC-Earth3-Veg
1032,MIROC-ES2L,GFDL-ESM4
1033,CNRM-ESM2-1,MPI-ESM1-2-HR
1034,GFDL-CM4,MPI-ESM1-2-HR
1035,MRI-ESM2-0,GFDL-ESM4
1036,GFDL-CM4,MPI-ESM1-2-HR
1037,CAMS-CSM1-0,NorESM2-LM
1038,BCC-CSM2-MR,GFDL-ESM4
1039,BCC-CSM2-MR,GFDL-ESM4
1040,MPI-ESM1-2-HR,GFDL-ESM4
1041,BCC-CSM2-MR,GFDL-ESM4
1042,UKESM1-0-LL,EC-Earth3-Veg
1043,EC-Earth3,MPI-ESM1-2-HR
1044,NESM3,EC-Earth3-Veg
1045,INM-CM5-0,NorESM2-LM
1046,MIROC-ES2L,NorESM2-LM
1047,EC-Earth3,MPI-ESM1-2-HR
1048,MIROC6,NorESM2-LM
1049,CESM2,MPI-ESM1-2-HR
1050,MIROC-ES2L,GFDL-ESM4
1051,INM-CM5-0,NorESM2-LM
1052,MRI-ESM2-0,GFDL-ESM4
1053,INM-CM5-0,NorESM2-LM
1054,CESM2,MPI-ESM1-2-HR
1055,GFDL-ESM4,GFDL-ESM4
1056,BCC-CSM2-MR,GFDL-ESM4
1057,CNRM-ESM2-1,MPI-ESM1-2-HR
1058,CNRM-ESM2-1,MPI-ESM1-2-HR
1059,EC-Earth3,MPI-ESM1-2-HR
1060,GFDL-ESM4,GFDL-ESM4
1061,CESM2,MPI-ESM1-2-HR
1062,EC-Earth3-Veg,EC-Earth3-Veg
1063,NESM3,EC-Earth3-Veg
1064,CNRM-ESM2-1,MPI-ESM1-2-HR
1065,CAMS-CSM1-0,NorESM2-LM
1066,MRI-ESM2-0,GFDL-ESM4
1067,NESM3,EC-Earth3-Veg
1068,UKESM1-0-LL,EC-Earth3-Veg
1069,INM-CM5-0,NorESM2-LM
1070,UKESM1-0-LL,EC-Earth3-Veg
1071,BCC-CSM2-MR,GFDL-ESM4
1072,INM-CM5-0,NorESM2-LM
1073,NESM3,EC-Earth3-Veg
1074,NorESM2-LM,NorESM2-LM
1075,GFDL-ESM4,GFDL-ESM4
1076,CanESM5,EC-Earth3-Veg
1077,CAMS-CSM1-0,NorESM2-LM
1078,BCC-CSM2-MR,GFDL-ESM4
1079,MIROC6,NorESM2-LM
1080,EC-Earth3,MPI-ESM1-2-HR
1081,EC-Earth3-Veg,EC-Earth3-Veg
1082,CNRM-ESM2-1,MPI-ESM1-2-HR
1083,NorESM2-LM,NorESM2-LM
1084,EC-Earth3-Veg,EC-Earth3-Veg
1085,MPI-ESM1-2-HR,GFDL-ESM4
1086,CAMS-CSM1-0,NorESM2-LM
1087,CESM2,MPI-ESM1-2-HR
1088,CanESM5,EC-Earth3-Veg
1089,BCC-CSM2-MR,GFDL-ESM4
1090,CanESM5,EC-Earth3-Veg
1091,UKESM1-0-LL,EC-Earth3-Veg
1092,CanESM5,EC-Earth3-Veg
1093,NESM3,EC-Earth3-Veg
1094,CNRM-ESM2-1,MPI-ESM1-2-HR
1095,NESM3,EC-Earth3-Veg
1096,CanESM5,EC-Earth3-Veg
1097,CESM2,EC-Earth3-Veg
1098,BCC-CSM2-MR,GFDL-ESM4
1099,UKESM1-0-LL,EC-Earth3-Veg
1100,EC-Earth3-Veg,EC-Earth3-Veg
1101,CESM2,MPI-ESM1-2-HR
1102,BCC-CSM2-MR,GFDL-ESM4
1103,EC-Earth3,MPI-ESM1-2-HR
1104,MIROC6,NorESM2-LM
1105,EC-Earth3-Veg,EC-Earth3-Veg
1106,BCC-CSM2-MR,GFDL-ESM4
1107,INM-CM5-0,NorESM2-LM
1108,CNRM-ESM2-1,MPI-ESM1-2-HR
1109,GFDL-CM4,MPI-ESM1-2-HR
1110,MIROC6,NorESM2-LM
1111,BCC-CSM2-MR,GFDL-ESM4
1112,CanESM5,EC-Earth3-Veg
1113,MIROC-ES2L,NorESM2-LM
1114,INM-CM5-0,NorESM2-LM
1115,CESM2,MPI-ESM1-2-HR
1116,MPI-ESM1-2-HR,GFDL-ESM4
1117,UKESM1-0-LL,EC-Earth3-Veg
1118,NESM3,EC-Earth3-Veg
1119,CNRM-ESM2-1,MPI-ESM1-2-HR
1120,GFDL-ESM4,GFDL-ESM4
1121,CanESM5,EC-Earth3-Veg
1122,NESM3,EC-Earth3-Veg
1123,MPI-ESM1-2-HR,GFDL-ESM4
1124,BCC-CSM2-MR,GFDL-ESM4
1125,EC-Earth3,MPI-ESM1-2-HR
1126,EC-Earth3,MPI-ESM1-2-HR
1127,GFDL-CM4,MPI-ESM1-2-HR
1128,EC-Earth3-Veg,EC-Earth3-Veg
1129,EC-Earth3,MPI-ESM1-2-HR
1130,MIROC-ES2L,NorESM2-LM
1131,EC-Earth3-Veg,EC-Earth3-Veg
1132,MRI-ESM2-0,GFDL-ESM4
1133,GFDL-CM4,MPI-ESM1-2-HR
1134,MPI-ESM1-2-HR,GFDL-ESM4
1135,EC-Earth3-Veg,EC-Earth3-Veg
1136,CNRM-ESM2-1,MPI-ESM1-2-HR
1137,INM-CM5-0,NorESM2-LM
1138,MRI-ESM2-0,GFDL-ESM4
1139,GFDL-ESM4,GFDL-ESM4
1140,CNRM-ESM2-1,MPI-ESM1-2-HR
1141,NorESM2-LM,NorESM2-LM
1142,MRI-ESM2-0,GFDL-ESM4
1143,CAMS-CSM1-0,NorESM2-LM
1144,CAMS-CSM1-0,NorESM2-LM
1145,CAMS-CSM1-0,NorESM2-LM
1146,NESM3,EC-Earth3-Veg
1147,GFDL-ESM4,GFDL-ESM4
1148,CESM2,MPI-ESM1-2-HR
1149,MRI-ESM2-0,GFDL-ESM4
1150,MRI-ESM2-0,GFDL-ESM4
1151,INM-CM5-0,NorESM2-LM
1152,INM-CM5-0,NorESM2-LM
1153,EC-Earth3-Veg,EC-Earth3-Veg
1154,CESM2,MPI-ESM1-2-HR
1155,MRI-ESM2-0,GFDL-ESM4
1156,UKESM1-0-LL,EC-Earth3-Veg
1157,NorESM2-LM,NorESM2-LM
1158,CanESM5,EC-Earth3-Veg
1159,MRI-ESM2-0,GFDL-ESM4
1160,EC-Earth3,MPI-ESM1-2-HR
1161,MIROC6,NorESM2-LM
1162,CNRM-CM6-1,MPI-ESM1-2-HR
1163,GFDL-ESM4,GFDL-ESM4
1164,NESM3,EC-Earth3-Veg
1165,INM-CM5-0,NorESM2-LM
1166,CAMS-CSM1-0,NorESM2-LM
1167,GFDL-CM4,MPI-ESM1-2-HR
1168,MRI-ESM2-0,GFDL-ESM4
1169,CNRM-ESM2-1,MPI-ESM1-2-HR
1170,CNRM-ESM2-1,MPI-ESM1-2-HR
1171,EC-Earth3,MPI-ESM1-2-HR
1172,CESM2,EC-Earth3-Veg
1173,GFDL-ESM4,GFDL-ESM4
1174,CNRM-ESM2-1,MPI-ESM1-2-HR
1175,CanESM5,EC-Earth3-Veg
1176,EC-Earth3-Veg,EC-Earth3-Veg
1177,CNRM-CM6-1,MPI-ESM1-2-HR
1178,CanESM5,EC-Earth3-Veg
1179,MIROC-ES2L,GFDL-ESM4
1180,MIROC-ES2L,NorESM2-LM
1181,MIROC-ES2L,NorESM2-LM
1182,INM-CM5-0,NorESM2-LM
1183,CanESM5,EC-Earth3-Veg
1184,MPI-ESM1-2-HR,GFDL-ESM4
1185,CanESM5,EC-Earth3-Veg
1186,BCC-CSM2-MR,GFDL-ESM4
1187,EC-Earth3-Veg,EC-Earth3-Veg
1188,CESM2,EC-Earth3-Veg
1189,MIROC6,NorESM2-LM
1190,MIROC-ES2L,NorESM2-LM
1191,GFDL-CM4,MPI-ESM1-2-HR
1192,CAMS-CSM1-0,NorESM2-LM
1193,MIROC6,NorESM2-LM
1194,BCC-CSM2-MR,GFDL-ESM4
1195,MIROC6,NorESM2-LM
1196,CAMS-CSM1-0,NorESM2-LM
1197,NESM3,EC-Earth3-Veg
1198,GFDL-ESM4,GFDL-ESM4
1199,CAMS-CSM1-0,NorESM2-LM
1200,CNRM-ESM2-1,MPI-ESM1-2-HR
1201,GFDL-ESM4,GFDL-ESM4
1202,CESM2,MPI-ESM1-2-HR
1203,CAMS-CSM1-0,NorESM2-LM
1204,GFDL-ESM4,GFDL-ESM4
1205,CESM2,EC-Earth3-Veg
1206,UKESM1-0-LL,EC-Earth3-Veg
1207,CNRM-CM6-1,MPI-ESM1-2-HR
1208,CESM2,MPI-ESM1-2-HR
1209,INM-CM5-0,NorESM2-LM
1210,CESM2,MPI-ESM1-2-HR
1211,GFDL-CM4,MPI-ESM1-2-HR
1212,CAMS-CSM1-0,NorESM2-LM
1213,NorESM2-LM,NorESM2-LM
1214,GFDL-CM4,MPI-ESM1-2-HR
1215,UKESM1-0-LL,EC-Earth3-Veg
1216,MRI-ESM2-0,GFDL-ESM4
1217,NESM3,EC-Earth3-Veg
1218,NESM3,EC-Earth3-Veg
1219,MIROC6,NorESM2-LM
1220,CNRM-ESM2-1,MPI-ESM1-2-HR
1221,EC-Earth3,MPI-ESM1-2-HR
1222,NorESM2-LM,NorESM2-LM
1223,NESM3,EC-Earth3-Veg
1224,EC-Earth3,MPI-ESM1-2-HR
1225,MRI-ESM2-0,GFDL-ESM4
1226,CNRM-CM6-1,MPI-ESM1-2-HR
1227,NESM3,EC-Earth3-Veg
1228,UKESM1-0-LL,EC-Earth3-Veg
1229,NESM3,EC-Earth3-Veg
1230,UKESM1-0-LL,EC-Earth3-Veg
1231,MIROC-ES2L,GFDL-ESM4
1232,CanESM5,EC-Earth3-Veg
1233,NorESM2-LM,NorESM2-LM
1234,MIROC-ES2L,NorESM2-LM
1235,BCC-CSM2-MR,GFDL-ESM4
1236,EC-Earth3-Veg,EC-Earth3-Veg
1237,NorESM2-LM,NorESM2-LM
1238,MIROC-ES2L,GFDL-ESM4
1239,MIROC6,NorESM2-LM
1240,CanESM5,EC-Earth3-Veg
1241,EC-Earth3,MPI-ESM1-2-HR
1242,MIROC-ES2L,NorESM2-LM
1243,CanESM5,EC-Earth3-Veg
1244,BCC-CSM2-MR,GFDL-ESM4
1245,UKESM1-0-LL,EC-Earth3-Veg
1246,NESM3,EC-Earth3-Veg
1247,CNRM-CM6-1,MPI-ESM1-2-HR
1248,EC-Earth3-Veg,EC-Earth3-Veg
1249,MIROC6,NorESM2-LM
1250,EC-Earth3-Veg,EC-Earth3-Veg
1251,CanESM5,EC-Earth3-Veg
1252,CNRM-ESM2-1,MPI-ESM1-2-HR
1253,CNRM-ESM2-1,MPI-ESM1-2-HR
1254,NESM3,EC-Earth3-Veg
1255,CESM2,EC-Earth3-Veg
1256,GFDL-ESM4,GFDL-ESM4
1257,GFDL-CM4,MPI-ESM1-2-HR
1258,CESM2,MPI-ESM1-2-HR
1259,UKESM1-0-LL,EC-Earth3-Veg
1260,INM-CM5-0,NorESM2-LM
1261,CESM2,EC-Earth3-Veg
1262,CAMS-CSM1-0,NorESM2-LM
1263,GFDL-ESM4,GFDL-ESM4
1264,CAMS-CSM1-0,NorESM2-LM
1265,MRI-ESM2-0,GFDL-ESM4
1266,BCC-CSM2-MR,GFDL-ESM4
1267,UKESM1-0-LL,EC-Earth3-Veg
1268,EC-Earth3,MPI-ESM1-2-HR
1269,MRI-ESM2-0,GFDL-ESM4
1270,GFDL-CM4,MPI-ESM1-2-HR
1271,CanESM5,EC-Earth3-Veg
1272,MIROC-ES2L,NorESM2-LM
1273,UKESM1-0-LL,EC-Earth3-Veg
1274,CanESM5,EC-Earth3-Veg
1275,INM-CM5-0,NorESM2-LM
1276,CAMS-CSM1-0,NorESM2-LM
1277,BCC-CSM2-MR,GFDL-ESM4
1278,UKESM1-0-LL,EC-Earth3-Veg
1279,INM-CM5-0,NorESM2-LM
1280,CNRM-ESM2-1,MPI-ESM1-2-HR
1281,MIROC-ES2L,NorESM2-LM
1282,CNRM-ESM2-1,MPI-ESM1-2-HR
1283,CNRM-CM6-1,MPI-ESM1-2-HR
1284,MIROC-ES2L,GFDL-ESM4
1285,NorESM2-LM,NorESM2-LM
1286,NorESM2-LM,NorESM2-LM
1287,MPI-ESM1-2-HR,GFDL-ESM4
1288,CNRM-ESM2-1,MPI-ESM1-2-HR
1289,NESM3,EC-Earth3-Veg
1290,NESM3,EC-Earth3-Veg
1291,CESM2,EC-Earth3-Veg
1292,EC-Earth3,MPI-ESM1-2-HR
1293,CNRM-CM6-1,MPI-ESM1-2-HR
1294,UKESM1-0-LL,EC-Earth3-Veg
1295,MIROC6,NorESM2-LM
1296,NESM3,EC-Earth3-Veg
1297,CAMS-CSM1-0,NorESM2-LM
1298,UKESM1-0-LL,EC-Earth3-Veg
1299,NorESM2-LM,NorESM2-LM
1300,MRI-ESM2-0,GFDL-ESM4
1301,CESM2,EC-Earth3-Veg
1302,CESM2,EC-Earth3-Veg
1303,CAMS-CSM1-0,NorESM2-LM
1304,NESM3,EC-Earth3-Veg
1305,UKESM1-0-LL,EC-Earth3-Veg
1306,CNRM-ESM2-1,MPI-ESM1-2-HR
1307,NESM3,EC-Earth3-Veg
1308,EC-Earth3,MPI-ESM1-2-HR
1309,CanESM5,EC-Earth3-Veg
1310,MRI-ESM2-0,GFDL-ESM4
1311,MIROC-ES2L,NorESM2-LM
1312,MIROC-ES2L,NorESM2-LM
1313,GFDL-ESM4,GFDL-ESM4
1314,UKESM1-0-LL,EC-Earth3-Veg
1315,CanESM5,EC-Earth3-Veg
1316,EC-Earth3-Veg,EC-Earth3-Veg
1317,CNRM-CM6-1,MPI-ESM1-2-HR
1318,MPI-ESM1-2-HR,GFDL-ESM4
1319,MIROC-ES2L,NorESM2-LM
1320,GFDL-CM4,MPI-ESM1-2-HR
1321,MPI-ESM1-2-HR,GFDL-ESM4
1322,EC-Earth3,MPI-ESM1-2-HR
1323,UKESM1-0-LL,EC-Earth3-Veg
1324,MPI-ESM1-2-HR,GFDL-ESM4
1325,UKESM1-0-LL,EC-Earth3-Veg
1326,EC-Earth3,MPI-ESM1-2-HR
1327,GFDL-CM4,MPI-ESM1-2-HR
1328,CESM2,MPI-ESM1-2-HR
1329,GFDL-ESM4,GFDL-ESM4
1330,CNRM-CM6-1,MPI-ESM1-2-HR
1331,MRI-ESM2-0,GFDL-ESM4
1332,CanESM5,EC-Earth3-Veg
1333,CNRM-CM6-1,MPI-ESM1-2-HR
1334,EC-Earth3,MPI-ESM1-2-HR
1335,CNRM-CM6-1,MPI-ESM1-2-HR
1336,CNRM-CM6-1,MPI-ESM1-2-HR
1337,NESM3,EC-Earth3-Veg
1338,CNRM-CM6-1,MPI-ESM1-2-HR
1339,CNRM-ESM2-1,MPI-ESM1-2-HR
1340,MIROC6,NorESM2-LM
1341,BCC-CSM2-MR,GFDL-ESM4
1342,EC-Earth3,MPI-ESM1-2-HR
1343,MIROC6,NorESM2-LM
1344,GFDL-ESM4,GFDL-ESM4
1345,EC-Earth3-Veg,EC-Earth3-Veg
1346,CESM2,MPI-ESM1-2-HR
1347,NorESM2-LM,NorESM2-LM
1348,CNRM-CM6-1,MPI-ESM1-2-HR
1349,MIROC-ES2L,GFDL-ESM4
1350,BCC-CSM2-MR,GFDL-ESM4
1351,CAMS-CSM1-0,NorESM2-LM
1352,NorESM2-LM,NorESM2-LM
1353,GFDL-CM4,MPI-ESM1-2-HR
1354,INM-CM5-0,NorESM2-LM
1355,MIROC6,NorESM2-LM
1356,INM-CM5-0,NorESM2-LM
1357,GFDL-ESM4,GFDL-ESM4
1358,CNRM-ESM2-1,MPI-ESM1-2-HR
1359,CESM2,EC-Earth3-Veg
1360,MIROC-ES2L,NorESM2-LM
1361,MPI-ESM1-2-HR,GFDL-ESM4
1362,GFDL-ESM4,GFDL-ESM4
1363,CNRM-CM6-1,MPI-ESM1-2-HR
1364,GFDL-ESM4,GFDL-ESM4
1365,EC-Earth3,MPI-ESM1-2-HR
1366,EC-Earth3,MPI-ESM1-2-HR
1367,UKESM1-0-LL,EC-Earth3-Veg
1368,EC-Earth3-Veg,EC-Earth3-Veg
1369,MPI-ESM1-2-HR,GFDL-ESM4
1370,GFDL-CM4,MPI-ESM1-2-HR
1371,MIROC6,NorESM2-LM
1372,GFDL-ESM4,GFDL-ESM4
1373,CNRM-CM6-1,MPI-ESM1-2-HR
1374,MRI-ESM2-0,GFDL-ESM4
1375,EC-Earth3,MPI-ESM1-2-HR
1376,NorESM2-LM,NorESM2-LM
1377,MRI-ESM2-0,GFDL-ESM4
1378,MPI-ESM1-2-HR,GFDL-ESM4
1379,CAMS-CSM1-0,NorESM2-LM
1380,EC-Earth3-Veg,EC-Earth3-Veg
1381,CNRM-CM6-1,MPI-ESM1-2-HR
1382,MIROC-ES2L,GFDL-ESM4
1383,MPI-ESM1-2-HR,GFDL-ESM4
1384,CESM2,MPI-ESM1-2-HR
1385,UKESM1-0-LL,EC-Earth3-Veg
1386,MIROC6,NorESM2-LM
1387,CNRM-CM6-1,MPI-ESM1-2-HR
1388,CAMS-CSM1-0,NorESM2-LM
1389,NorESM2-LM,NorESM2-LM
1390,CESM2,MPI-ESM1-2-HR
1391,MIROC6,NorESM2-LM
1392,CESM2,EC-Earth3-Veg
1393,MRI-ESM2-0,GFDL-ESM4
1394,NESM3,EC-Earth3-Veg
1395,CNRM-CM6-1,MPI-ESM1-2-HR
1396,MRI-ESM2-0,GFDL-ESM4
1397,CAMS-CSM1-0,NorESM2-LM
1398,MPI-ESM1-2-HR,GFDL-ESM4
1399,UKESM1-0-LL,EC-Earth3-Veg
1400,EC-Earth3,MPI-ESM1-2-HR
1401,EC-Earth3-Veg,EC-Earth3-Veg
1402,EC-Earth3-Veg,EC-Earth3-Veg
1403,MIROC-ES2L,NorESM2-LM
1404,NorESM2-LM,NorESM2-LM
1405,EC-Earth3-Veg,EC-Earth3-Veg
1406,NESM3,EC-Earth3-Veg
1407,MIROC-ES2L,NorESM2-LM
1408,CNRM-ESM2-1,MPI-ESM1-2-HR
1409,EC-Earth3-Veg,EC-Earth3-Veg
1410,EC-Earth3,MPI-ESM1-2-HR
1411,INM-CM5-0,NorESM2-LM
1412,CNRM-CM6-1,MPI-ESM1-2-HR
1413,EC-Earth3,MPI-ESM1-2-HR
1414,MIROC6,NorESM2-LM
1415,CESM2,EC-Earth3-Veg
1416,EC-Earth3,MPI-ESM1-2-HR
1417,BCC-CSM2-MR,GFDL-ESM4
1418,EC-Earth3,MPI-ESM1-2-HR
1419,CNRM-CM6-1,MPI-ESM1-2-HR
1420,MRI-ESM2-0,GFDL-ESM4
1421,EC-Earth3,MPI-ESM1-2-HR
1422,MIROC-ES2L,NorESM2-LM
1423,CAMS-CSM1-0,NorESM2-LM
1424,MIROC-ES2L,GFDL-ESM4
1425,NorESM2-LM,NorESM2-LM
1426,MIROC6,NorESM2-LM
1427,EC-Earth3,MPI-ESM1-2-HR
1428,GFDL-ESM4,GFDL-ESM4
1429,CNRM-CM6-1,MPI-ESM1-2-HR
1430,CNRM-CM6-1,MPI-ESM1-2-HR
1431,CanESM5,EC-Earth3-Veg
1432,BCC-CSM2-MR,GFDL-ESM4
1433,CanESM5,EC-Earth3-Veg
1434,NorESM2-LM,NorESM2-LM
1435,GFDL-ESM4,GFDL-ESM4
1436,GFDL-CM4,MPI-ESM1-2-HR
1437,MIROC6,NorESM2-LM
1438,MPI-ESM1-2-HR,GFDL-ESM4
1439,BCC-CSM2-MR,GFDL-ESM4
1440,CESM2,MPI-ESM1-2-HR
1441,GFDL-ESM4,GFDL-ESM4
1442,BCC-CSM2-MR,GFDL-ESM4
1443,NESM3,EC-Earth3-Veg
1444,EC-Earth3-Veg,EC-Earth3-Veg
1445,MIROC-ES2L,GFDL-ESM4
1446,GFDL-CM4,MPI-ESM1-2-HR
1447,MIROC-ES2L,GFDL-ESM4
1448,INM-CM5-0,NorESM2-LM
1449,CESM2,MPI-ESM1-2-HR
1450,MPI-ESM1-2-HR,GFDL-ESM4
1451,CanESM5,EC-Earth3-Veg
1452,MPI-ESM1-2-HR,GFDL-ESM4
1453,EC-Earth3-Veg,EC-Earth3-Veg
1454,UKESM1-0-LL,EC-Earth3-Veg
1455,EC-Earth3-Veg,EC-Earth3-Veg
1456,BCC-CSM2-MR,GFDL-ESM4
1457,MPI-ESM1-2-HR,GFDL-ESM4
1458,GFDL-CM4,MPI-ESM1-2-HR
1459,EC-Earth3-Veg,EC-Earth3-Veg
1460,CESM2,EC-Earth3-Veg
1461,GFDL-CM4,MPI-ESM1-2-HR
1462,GFDL-ESM4,GFDL-ESM4
1463,MIROC-ES2L,GFDL-ESM4
1464,CESM2,EC-Earth3-Veg
1465,NorESM2-LM,NorESM2-LM
1466,MIROC6,NorESM2-LM
1467,CanESM5,EC-Earth3-Veg
1468,CanESM5,EC-Earth3-Veg
1469,MRI-ESM2-0,GFDL-ESM4
1470,CNRM-CM6-1,MPI-ESM1-2-HR
1471,EC-Earth3-Veg,EC-Earth3-Veg
1472,CNRM-ESM2-1,MPI-ESM1-2-HR
1473,EC-Earth3,MPI-ESM1-2-HR
1474,MPI-ESM1-2-HR,GFDL-ESM4
1475,EC-Earth3,MPI-ESM1-2-HR
1476,UKESM1-0-LL,EC-Earth3-Veg
1477,GFDL-CM4,MPI-ESM1-2-HR
1478,MRI-ESM2-0,GFDL-ESM4
1479,CanESM5,EC-Earth3-Veg
1480,GFDL-ESM4,GFDL-ESM4
1481,MIROC6,NorESM2-LM
1482,INM-CM5-0,NorESM2-LM
1483,MPI-ESM1-2-HR,GFDL-ESM4
1484,MRI-ESM2-0,GFDL-ESM4
1485,MIROC6,NorESM2-LM
1486,BCC-CSM2-MR,GFDL-ESM4
1487,MIROC-ES2L,NorESM2-LM
1488,NESM3,EC-Earth3-Veg
1489,MPI-ESM1-2-HR,GFDL-ESM4
1490,CAMS-CSM1-0,NorESM2-LM
1491,UKESM1-0-LL,EC-Earth3-Veg
1492,MIROC6,NorESM2-LM
1493,INM-CM5-0,NorESM2-LM
1494,CAMS-CSM1-0,NorESM2-LM
1495,CAMS-CSM1-0,NorESM2-LM
1496,CNRM-CM6-1,MPI-ESM1-2-HR
1497,MRI-ESM2-0,GFDL-ESM4
1498,EC-Earth3-Veg,EC-Earth3-Veg
1499,MIROC-ES2L,GFDL-ESM4
1500,EC-Earth3,MPI-ESM1-2-HR
1501,CNRM-CM6-1,MPI-ESM1-2-HR
1502,GFDL-ESM4,GFDL-ESM4
1503,INM-CM5-0,NorESM2-LM
1504,GFDL-ESM4,GFDL-ESM4
1505,UKESM1-0-LL,EC-Earth3-Veg
1506,BCC-CSM2-MR,GFDL-ESM4
1507,NorESM2-LM,NorESM2-LM
1508,CanESM5,EC-Earth3-Veg
1509,EC-Earth3-Veg,EC-Earth3-Veg
1510,NESM3,EC-Earth3-Veg
1511,EC-Earth3-Veg,EC-Earth3-Veg
1512,BCC-CSM2-MR,GFDL-ESM4
1513,NorESM2-LM,NorESM2-LM
1514,GFDL-CM4,MPI-ESM1-2-HR
1515,MRI-ESM2-0,GFDL-ESM4
1516,CNRM-CM6-1,MPI-ESM1-2-HR
1517,EC-Earth3-Veg,EC-Earth3-Veg
1518,MIROC-ES2L,GFDL-ESM4
1519,UKESM1-0-LL,EC-Earth3-Veg
1520,CNRM-ESM2-1,MPI-ESM1-2-HR
1521,MIROC-ES2L,GFDL-ESM4
1522,CAMS-CSM1-0,NorESM2-LM
1523,CNRM-CM6-1,MPI-ESM1-2-HR
1524,EC-Earth3,MPI-ESM1-2-HR
1525,INM-CM5-0,NorESM2-LM
1526,CESM2,MPI-ESM1-2-HR
1527,EC-Earth3-Veg,EC-Earth3-Veg
1528,CNRM-CM6-1,MPI-ESM1-2-HR
1529,CESM2,MPI-ESM1-2-HR
1530,GFDL-CM4,MPI-ESM1-2-HR
1531,MRI-ESM2-0,GFDL-ESM4
1532,MIROC-ES2L,GFDL-ESM4
1533,MRI-ESM2-0,GFDL-ESM4
1534,CAMS-CSM1-0,NorESM2-LM
1535,MRI-ESM2-0,GFDL-ESM4
1536,MRI-ESM2-0,GFDL-ESM4
1537,CNRM-CM6-1,MPI-ESM1-2-HR
1538,GFDL-ESM4,GFDL-ESM4
1539,GFDL-ESM4,GFDL-ESM4
1540,GFDL-CM4,MPI-ESM1-2-HR
1541,BCC-CSM2-MR,GFDL-ESM4
1542,GFDL-CM4,MPI-ESM1-2-HR
1543,BCC-CSM2-MR,GFDL-ESM4
1544,CESM2,EC-Earth3-Veg
1545,INM-CM5-0,NorESM2-LM
1546,MPI-ESM1-2-HR,GFDL-ESM4
1547,BCC-CSM2-MR,GFDL-ESM4
1548,NESM3,EC-Earth3-Veg
1549,MPI-ESM1-2-HR,GFDL-ESM4
1550,CESM2,MPI-ESM1-2-HR
1551,EC-Earth3,MPI-ESM1-2-HR
1552,GFDL-ESM4,GFDL-ESM4
1553,GFDL-CM4,MPI-ESM1-2-HR
1554,UKESM1-0-LL,EC-Earth3-Veg
1555,INM-CM5-0,NorESM2-LM
1556,NESM3,EC-Earth3-Veg
1557,UKESM1-0-LL,EC-Earth3-Veg
1558,BCC-CSM2-MR,GFDL-ESM4
1559,CNRM-CM6-1,MPI-ESM1-2-HR
1560,CAMS-CSM1-0,NorESM2-LM
1561,MIROC6,NorESM2-LM
1562,NorESM2-LM,NorESM2-LM
1563,NorESM2-LM,NorESM2-LM
1564,GFDL-CM4,MPI-ESM1-2-HR
1565,NorESM2-LM,NorESM2-LM
1566,MIROC6,NorESM2-LM
1567,GFDL-ESM4,GFDL-ESM4
1568,CNRM-CM6-1,MPI-ESM1-2-HR
1569,CanESM5,EC-Earth3-Veg
1570,NorESM2-LM,NorESM2-LM
1571,CanESM5,EC-Earth3-Veg
1572,EC-Earth3-Veg,EC-Earth3-Veg
1573,EC-Earth3-Veg,EC-Earth3-Veg
1574,GFDL-CM4,MPI-ESM1-2-HR
1575,NESM3,EC-Earth3-Veg
1576,MPI-ESM1-2-HR,GFDL-ESM4
1577,NorESM2-LM,NorESM2-LM
1578,NorESM2-LM,NorESM2-LM
1579,MRI-ESM2-0,GFDL-ESM4
1580,MRI-ESM2-0,GFDL-ESM4
1581,INM-CM5-0,NorESM2-LM
1582,GFDL-CM4,MPI-ESM1-2-HR
1583,EC-Earth3,MPI-ESM1-2-HR
1584,INM-CM5-0,NorESM2-LM
1585,EC-Earth3,MPI-ESM1-2-HR
1586,MIROC6,NorESM2-LM
1587,MRI-ESM2-0,GFDL-ESM4
1588,INM-CM5-0,NorESM2-LM
1589,MRI-ESM2-0,GFDL-ESM4
1590,MRI-ESM2-0,GFDL-ESM4
1591,NorESM2-LM,NorESM2-LM
1592,INM-CM5-0,NorESM2-LM
1593,NESM3,EC-Earth3-Veg
1594,GFDL-ESM4,GFDL-ESM4
1595,NorESM2-LM,NorESM2-LM
1596,EC-Earth3-Veg,EC-Earth3-Veg
1597,EC-Earth3,MPI-ESM1-2-HR
1598,MRI-ESM2-0,GFDL-ESM4
1599,MPI-ESM1-2-HR,GFDL-ESM4
1600,CNRM-ESM2-1,MPI-ESM1-2-HR
1601,CNRM-CM6-1,MPI-ESM1-2-HR
1602,INM-CM5-0,NorESM2-LM
1603,CNRM-CM6-1,MPI-ESM1-2-HR
1604,BCC-CSM2-MR,GFDL-ESM4
1605,GFDL-ESM4,GFDL-ESM4
1606,CESM2,EC-Earth3-Veg
1607,CNRM-ESM2-1,MPI-ESM1-2-HR
1608,CanESM5,EC-Earth3-Veg
1609,MRI-ESM2-0,GFDL-ESM4
1610,CanESM5,EC-Earth3-Veg
1611,MIROC6,NorESM2-LM
1612,BCC-CSM2-MR,GFDL-ESM4
1613,MRI-ESM2-0,GFDL-ESM4
1614,MPI-ESM1-2-HR,GFDL-ESM4
1615,EC-Earth3-Veg,EC-Earth3-Veg
1616,GFDL-ESM4,GFDL-ESM4
1617,GFDL-CM4,MPI-ESM1-2-HR
1618,CNRM-ESM2-1,MPI-ESM1-2-HR
1619,NorESM2-LM,NorESM2-LM
1620,EC-Earth3,MPI-ESM1-2-HR
1621,EC-Earth3,MPI-ESM1-2-HR
1622,GFDL-ESM4,GFDL-ESM4
1623,NESM3,EC-Earth3-Veg
1624,UKESM1-0-LL,EC-Earth3-Veg
1625,CNRM-CM6-1,MPI-ESM1-2-HR
1626,GFDL-CM4,MPI-ESM1-2-HR
1627,CNRM-ESM2-1,MPI-ESM1-2-HR
1628,EC-Earth3,MPI-ESM1-2-HR
1629,CNRM-ESM2-1,MPI-ESM1-2-HR
1630,NESM3,EC-Earth3-Veg
1631,INM-CM5-0,NorESM2-LM
1632,CNRM-ESM2-1,MPI-ESM1-2-HR
1633,CAMS-CSM1-0,NorESM2-LM
1634,EC-Earth3,MPI-ESM1-2-HR
1635,NorESM2-LM,NorESM2-LM
1636,CNRM-ESM2-1,MPI-ESM1-2-HR
1637,MPI-ESM1-2-HR,GFDL-ESM4
1638,MIROC6,NorESM2-LM
1639,MPI-ESM1-2-HR,GFDL-ESM4
1640,CAMS-CSM1-0,NorESM2-LM
1641,GFDL-CM4,MPI-ESM1-2-HR
1642,CNRM-CM6-1,MPI-ESM1-2-HR
1643,NESM3,EC-Earth3-Veg
1644,MIROC6,NorESM2-LM
1645,GFDL-ESM4,GFDL-ESM4
1646,CESM2,MPI-ESM1-2-HR
1647,UKESM1-0-LL,EC-Earth3-Veg
1648,BCC-CSM2-MR,GFDL-ESM4
1649,EC-Earth3,MPI-ESM1-2-HR
1650,CAMS-CSM1-0,NorESM2-LM
1651,INM-CM5-0,NorESM2-LM
1652,NESM3,EC-Earth3-Veg
1653,MIROC-ES2L,GFDL-ESM4
1654,CESM2,EC-Earth3-Veg
1655,CanESM5,EC-Earth3-Veg
1656,NorESM2-LM,NorESM2-LM
1657,BCC-CSM2-MR,GFDL-ESM4
1658,CanESM5,EC-Earth3-Veg
1659,CNRM-ESM2-1,MPI-ESM1-2-HR
1660,CanESM5,EC-Earth3-Veg
1661,UKESM1-0-LL,EC-Earth3-Veg
1662,GFDL-ESM4,GFDL-ESM4
1663,EC-Earth3,MPI-ESM1-2-HR
1664,BCC-CSM2-MR,GFDL-ESM4
1665,CESM2,MPI-ESM1-2-HR
1666,GFDL-ESM4,GFDL-ESM4
1667,MIROC6,NorESM2-LM
1668,GFDL-CM4,MPI-ESM1-2-HR
1669,INM-CM5-0,NorESM2-LM
1670,MIROC6,NorESM2-LM
1671,CAMS-CSM1-0,NorESM2-LM
1672,BCC-CSM2-MR,GFDL-ESM4
1673,CNRM-ESM2-1,MPI-ESM1-2-HR
1674,NorESM2-LM,NorESM2-LM
1675,MIROC6,NorESM2-LM
1676,EC-Earth3,MPI-ESM1-2-HR
1677,CAMS-CSM1-0,NorESM2-LM
1678,CanESM5,EC-Earth3-Veg
1679,UKESM1-0-LL,EC-Earth3-Veg
1680,GFDL-ESM4,GFDL-ESM4
1681,NESM3,EC-Earth3-Veg
1682,EC-Earth3-Veg,EC-Earth3-Veg
1683,CNRM-ESM2-1,MPI-ESM1-2-HR
1684,MIROC6,NorESM2-LM
1685,UKESM1-0-LL,EC-Earth3-Veg
1686,CNRM-CM6-1,MPI-ESM1-2-HR
1687,INM-CM5-0,NorESM2-LM
1688,NorESM2-LM,NorESM2-LM
1689,EC-Earth3,MPI-ESM1-2-HR
1690,NESM3,EC-Earth3-Veg
1691,UKESM1-0-LL,EC-Earth3-Veg
1692,EC-Earth3,MPI-ESM1-2-HR
1693,MIROC-ES2L,NorESM2-LM
1694,INM-CM5-0,NorESM2-LM
1695,BCC-CSM2-MR,GFDL-ESM4
1696,CAMS-CSM1-0,NorESM2-LM
1697,MIROC-ES2L,GFDL-ESM4
1698,MPI-ESM1-2-HR,GFDL-ESM4
1699,MRI-ESM2-0,GFDL-ESM4
1700,GFDL-ESM4,GFDL-ESM4
1701,NESM3,EC-Earth3-Veg
1702,INM-CM5-0,NorESM2-LM
1703,EC-Earth3-Veg,EC-Earth3-Veg
1704,NorESM2-LM,NorESM2-LM
1705,EC-Earth3,MPI-ESM1-2-HR
1706,MIROC6,NorESM2-LM
1707,UKESM1-0-LL,EC-Earth3-Veg
1708,GFDL-CM4,MPI-ESM1-2-HR
1709,GFDL-ESM4,GFDL-ESM4
1710,CNRM-ESM2-1,MPI-ESM1-2-HR
1711,CAMS-CSM1-0,NorESM2-LM
1712,NorESM2-LM,NorESM2-LM
1713,EC-Earth3,MPI-ESM1-2-HR
1714,NorESM2-LM,NorESM2-LM
1715,NESM3,EC-Earth3-Veg
1716,MIROC6,NorESM2-LM
1717,MIROC-ES2L,GFDL-ESM4
1718,CanESM5,EC-Earth3-Veg
1719,EC-Earth3,MPI-ESM1-2-HR
1720,CESM2,EC-Earth3-Veg
1721,MRI-ESM2-0,MPI-ESM1-2-HR
1722,CESM2,EC-Earth3-Veg
1723,EC-Earth3,MPI-ESM1-2-HR
1724,EC-Earth3,MPI-ESM1-2-HR
1725,BCC-CSM2-MR,GFDL-ESM4
1726,NESM3,EC-Earth3-Veg
1727,BCC-CSM2-MR,GFDL-ESM4
1728,MRI-ESM2-0,GFDL-ESM4
1729,NESM3,EC-Earth3-Veg
1730,EC-Earth3-Veg,EC-Earth3-Veg
1731,CanESM5,EC-Earth3-Veg
1732,MPI-ESM1-2-HR,GFDL-ESM4
1733,CNRM-CM6-1,MPI-ESM1-2-HR
1734,NorESM2-LM,NorESM2-LM
1735,BCC-CSM2-MR,GFDL-ESM4
1736,MIROC6,NorESM2-LM
1737,GFDL-CM4,MPI-ESM1-2-HR
1738,CAMS-CSM1-0,NorESM2-LM
1739,CAMS-CSM1-0,NorESM2-LM
1740,NESM3,EC-Earth3-Veg
1741,GFDL-ESM4,GFDL-ESM4
1742,NESM3,EC-Earth3-Veg
1743,CanESM5,EC-Earth3-Veg
1744,CNRM-CM6-1,MPI-ESM1-2-HR
1745,MIROC6,NorESM2-LM
1746,GFDL-CM4,MPI-ESM1-2-HR
1747,CNRM-ESM2-1,MPI-ESM1-2-HR
1748,NorESM2-LM,NorESM2-LM
1749,INM-CM5-0,NorESM2-LM
1750,BCC-CSM2-MR,GFDL-ESM4
1751,BCC-CSM2-MR,GFDL-ESM4
1752,EC-Earth3-Veg,EC-Earth3-Veg
1753,EC-Earth3,MPI-ESM1-2-HR
1754,NESM3,EC-Earth3-Veg
1755,MRI-ESM2-0,GFDL-ESM4
1756,NorESM2-LM,NorESM2-LM
1757,EC-Earth3-Veg,EC-Earth3-Veg
1758,GFDL-ESM4,GFDL-ESM4
1759,CNRM-CM6-1,MPI-ESM1-2-HR
1760,EC-Earth3,MPI-ESM1-2-HR
1761,INM-CM5-0,NorESM2-LM
1762,CNRM-ESM2-1,MPI-ESM1-2-HR
1763,CNRM-ESM2-1,MPI-ESM1-2-HR
1764,CESM2,MPI-ESM1-2-HR
1765,GFDL-ESM4,GFDL-ESM4
1766,CNRM-CM6-1,MPI-ESM1-2-HR
1767,GFDL-ESM4,GFDL-ESM4
1768,CAMS-CSM1-0,NorESM2-LM
1769,MIROC6,NorESM2-LM
1770,BCC-CSM2-MR,GFDL-ESM4
1771,CanESM5,EC-Earth3-Veg
1772,EC-Earth3-Veg,EC-Earth3-Veg
1773,NESM3,EC-Earth3-Veg
1774,NorESM2-LM,NorESM2-LM
1775,GFDL-ESM4,GFDL-ESM4
1776,GFDL-CM4,MPI-ESM1-2-HR
1777,MIROC6,NorESM2-LM
1778,NESM3,EC-Earth3-Veg
1779,EC-Earth3,MPI-ESM1-2-HR
1780,MPI-ESM1-2-HR,GFDL-ESM4
1781,CAMS-CSM1-0,NorESM2-LM
1782,MPI-ESM1-2-HR,GFDL-ESM4
1783,INM-CM5-0,NorESM2-LM
1784,CanESM5,EC-Earth3-Veg
1785,CNRM-CM6-1,MPI-ESM1-2-HR
1786,MIROC6,NorESM2-LM
1787,CanESM5,EC-Earth3-Veg
1788,BCC-CSM2-MR,GFDL-ESM4
1789,EC-Earth3,MPI-ESM1-2-HR
1790,GFDL-CM4,MPI-ESM1-2-HR
1791,UKESM1-0-LL,EC-Earth3-Veg
1792,INM-CM5-0,NorESM2-LM
1793,UKESM1-0-LL,EC-Earth3-Veg
1794,CanESM5,EC-Earth3-Veg
1795,MPI-ESM1-2-HR,GFDL-ESM4
1796,NorESM2-LM,NorESM2-LM
1797,GFDL-CM4,MPI-ESM1-2-HR
1798,INM-CM5-0,NorESM2-LM
1799,GFDL-CM4,MPI-ESM1-2-HR
1800,CNRM-CM6-1,MPI-ESM1-2-HR
1801,NorESM2-LM,NorESM2-LM
1802,CESM2,MPI-ESM1-2-HR
1803,MRI-ESM2-0,GFDL-ESM4
1804,EC-Earth3-Veg,EC-Earth3-Veg
1805,NorESM2-LM,NorESM2-LM
1806,CanESM5,EC-Earth3-Veg
1807,GFDL-CM4,MPI-ESM1-2-HR
1808,NESM3,EC-Earth3-Veg
1809,MIROC6,NorESM2-LM
1810,GFDL-CM4,MPI-ESM1-2-HR
1811,NorESM2-LM,NorESM2-LM
1812,UKESM1-0-LL,EC-Earth3-Veg
1813,NESM3,EC-Earth3-Veg
1814,CAMS-CSM1-0,NorESM2-LM
1815,MIROC6,NorESM2-LM
1816,CESM2,MPI-ESM1-2-HR
1817,MPI-ESM1-2-HR,GFDL-ESM4
1818,MPI-ESM1-2-HR,GFDL-ESM4
1819,CESM2,EC-Earth3-Veg
1820,CESM2,MPI-ESM1-2-HR
1821,NESM3,EC-Earth3-Veg
1822,UKESM1-0-LL,EC-Earth3-Veg
1823,NESM3,EC-Earth3-Veg
1824,NESM3,EC-Earth3-Veg
1825,MIROC6,NorESM2-LM
1826,MIROC6,NorESM2-LM
1827,MIROC-ES2L,NorESM2-LM
1828,NorESM2-LM,NorESM2-LM
1829,MPI-ESM1-2-HR,GFDL-ESM4
1830,INM-CM5-0,NorESM2-LM
1831,CAMS-CSM1-0,NorESM2-LM
1832,GFDL-CM4,MPI-ESM1-2-HR
1833,EC-Earth3,MPI-ESM1-2-HR
1834,EC-Earth3,MPI-ESM1-2-HR
1835,CAMS-CSM1-0,NorESM2-LM
1836,CanESM5,EC-Earth3-Veg
1837,GFDL-ESM4,GFDL-ESM4
1838,MPI-ESM1-2-HR,GFDL-ESM4
1839,INM-CM5-0,NorESM2-LM
1840,CESM2,MPI-ESM1-2-HR
1841,MIROC6,NorESM2-LM
1842,UKESM1-0-LL,EC-Earth3-Veg
1843,BCC-CSM2-MR,GFDL-ESM4
1844,INM-CM5-0,NorESM2-LM
1845,MIROC-ES2L,GFDL-ESM4
1846,CESM2,MPI-ESM1-2-HR
1847,UKESM1-0-LL,EC-Earth3-Veg
1848,CNRM-ESM2-1,MPI-ESM1-2-HR
1849,CESM2,MPI-ESM1-2-HR
1850,CNRM-ESM2-1,MPI-ESM1-2-HR
1851,MIROC-ES2L,NorESM2-LM
1852,INM-CM5-0,NorESM2-LM
1853,BCC-CSM2-MR,GFDL-ESM4
1854,MRI-ESM2-0,GFDL-ESM4
1855,MPI-ESM1-2-HR,GFDL-ESM4
1856,MIROC6,NorESM2-LM
1857,CAMS-CSM1-0,NorESM2-LM
1858,GFDL-CM4,MPI-ESM1-2-HR
1859,CAMS-CSM1-0,NorESM2-LM
1860,UKESM1-0-LL,EC-Earth3-Veg
1861,MIROC6,NorESM2-LM
1862,CanESM5,EC-Earth3-Veg
1863,MPI-ESM1-2-HR,GFDL-ESM4
1864,EC-Earth3-Veg,EC-Earth3-Veg
1865,GFDL-ESM4,GFDL-ESM4
1866,EC-Earth3,MPI-ESM1-2-HR
1867,MIROC-ES2L,GFDL-ESM4
1868,EC-Earth3-Veg,EC-Earth3-Veg
1869,GFDL-ESM4,GFDL-ESM4
1870,CNRM-ESM2-1,MPI-ESM1-2-HR
1871,MIROC6,NorESM2-LM
1872,CNRM-CM6-1,MPI-ESM1-2-HR
1873,CanESM5,EC-Earth3-Veg
1874,EC-Earth3-Veg,EC-Earth3-Veg
1875,MIROC6,NorESM2-LM
1876,GFDL-ESM4,GFDL-ESM4
1877,CNRM-CM6-1,MPI-ESM1-2-HR
1878,GFDL-ESM4,GFDL-ESM4
1879,NESM3,EC-Earth3-Veg
1880,GFDL-ESM4,GFDL-ESM4
1881,MIROC-ES2L,GFDL-ESM4
1882,CanESM5,EC-Earth3-Veg
1883,CanESM5,EC-Earth3-Veg
1884,NorESM2-LM,NorESM2-LM
1885,CanESM5,EC-Earth3-Veg
1886,MRI-ESM2-0,GFDL-ESM4
1887,MRI-ESM2-0,GFDL-ESM4
1888,CAMS-CSM1-0,NorESM2-LM
1889,UKESM1-0-LL,EC-Earth3-Veg
1890,MPI-ESM1-2-HR,GFDL-ESM4
1891,CESM2,MPI-ESM1-2-HR
1892,EC-Earth3,MPI-ESM1-2-HR
1893,UKESM1-0-LL,EC-Earth3-Veg
1894,NESM3,EC-Earth3-Veg
1895,GFDL-ESM4,GFDL-ESM4
1896,MIROC-ES2L,NorESM2-LM
1897,CNRM-CM6-1,MPI-ESM1-2-HR
1898,MIROC-ES2L,NorESM2-LM
1899,CESM2,MPI-ESM1-2-HR
1900,CNRM-ESM2-1,MPI-ESM1-2-HR
1901,INM-CM5-0,NorESM2-LM
1902,MIROC-ES2L,GFDL-ESM4
1903,GFDL-CM4,MPI-ESM1-2-HR
1904,MIROC6,NorESM2-LM
1905,NESM3,EC-Earth3-Veg
1906,MIROC6,NorESM2-LM
1907,INM-CM5-0,NorESM2-LM
1908,MIROC6,NorESM2-LM
1909,EC-Earth3-Veg,EC-Earth3-Veg
1910,EC-Earth3-Veg,EC-Earth3-Veg
1911,CESM2,MPI-ESM1-2-HR
1912,CAMS-CSM1-0,NorESM2-LM
1913,MRI-ESM2-0,GFDL-ESM4
1914,MIROC-ES2L,GFDL-ESM4
1915,INM-CM5-0,NorESM2-LM
1916,MIROC6,NorESM2-LM
1917,MRI-ESM2-0,GFDL-ESM4
1918,CanESM5,EC-Earth3-Veg
1919,MIROC-ES2L,NorESM2-LM
1920,NESM3,EC-Earth3-Veg
1921,BCC-CSM2-MR,GFDL-ESM4
1922,EC-Earth3-Veg,EC-Earth3-Veg
1923,INM-CM5-0,NorESM2-LM
1924,BCC-CSM2-MR,GFDL-ESM4
1925,MRI-ESM2-0,GFDL-ESM4
1926,MRI-ESM2-0,GFDL-ESM4
1927,CNRM-CM6-1,MPI-ESM1-2-HR
1928,GFDL-CM4,MPI-ESM1-2-HR
1929,MIROC-ES2L,GFDL-ESM4
1930,NESM3,EC-Earth3-Veg
1931,CanESM5,EC-Earth3-Veg
1932,CNRM-CM6-1,MPI-ESM1-2-HR
1933,NESM3,EC-Earth3-Veg
1934,MIROC6,NorESM2-LM
1935,MRI-ESM2-0,GFDL-ESM4
1936,CNRM-CM6-1,MPI-ESM1-2-HR
1937,GFDL-ESM4,GFDL-ESM4
1938,NorESM2-LM,NorESM2-LM
1939,CAMS-CSM1-0,NorESM2-LM
1940,NorESM2-LM,NorESM2-LM
1941,BCC-CSM2-MR,GFDL-ESM4
1942,EC-Earth3,MPI-ESM1-2-HR
1943,MIROC-ES2L,GFDL-ESM4
1944,NESM3,EC-Earth3-Veg
1945,GFDL-ESM4,GFDL-ESM4
1946,BCC-CSM2-MR,GFDL-ESM4
1947,MIROC-ES2L,GFDL-ESM4
1948,BCC-CSM2-MR,GFDL-ESM4
1949,EC-Earth3-Veg,EC-Earth3-Veg
1950,MRI-ESM2-0,GFDL-ESM4
1951,CanESM5,EC-Earth3-Veg
1952,CESM2,EC-Earth3-Veg
1953,MIROC6,NorESM2-LM
1954,CNRM-ESM2-1,MPI-ESM1-2-HR
1955,NorESM2-LM,NorESM2-LM
1956,GFDL-CM4,MPI-ESM1-2-HR
1957,NorESM2-LM,NorESM2-LM
1958,UKESM1-0-LL,EC-Earth3-Veg
1959,INM-CM5-0,NorESM2-LM
1960,MIROC6,NorESM2-LM
1961,EC-Earth3,MPI-ESM1-2-HR
1962,NorESM2-LM,NorESM2-LM
1963,INM-CM5-0,NorESM2-LM
1964,BCC-CSM2-MR,GFDL-ESM4
1965,MRI-ESM2-0,GFDL-ESM4
1966,CNRM-CM6-1,MPI-ESM1-2-HR
1967,NorESM2-LM,NorESM2-LM
1968,MPI-ESM1-2-HR,GFDL-ESM4
1969,CanESM5,EC-Earth3-Veg
1970,MIROC-ES2L,GFDL-ESM4
1971,UKESM1-0-LL,EC-Earth3-Veg
1972,NorESM2-LM,NorESM2-LM
1973,CanESM5,EC-Earth3-Veg
1974,MIROC6,NorESM2-LM
1975,CanESM5,EC-Earth3-Veg
1976,INM-CM5-0,NorESM2-LM
1977,EC-Earth3-Veg,EC-Earth3-Veg
1978,GFDL-CM4,MPI-ESM1-2-HR
1979,CAMS-CSM1-0,NorESM2-LM
1980,CAMS-CSM1-0,NorESM2-LM
1981,CanESM5,EC-Earth3-Veg
1982,GFDL-ESM4,GFDL-ESM4
1983,NorESM2-LM,NorESM2-LM
1984,UKESM1-0-LL,EC-Earth3-Veg
1985,GFDL-CM4,MPI-ESM1-2-HR
1986,INM-CM5-0,NorESM2-LM
1987,CNRM-CM6-1,MPI-ESM1-2-HR
1988,GFDL-ESM4,GFDL-ESM4
1989,EC-Earth3-Veg,EC-Earth3-Veg
1990,GFDL-ESM4,GFDL-ESM4
1991,NorESM2-LM,NorESM2-LM
1992,BCC-CSM2-MR,GFDL-ESM4
1993,CAMS-CSM1-0,NorESM2-LM
1994,CESM2,EC-Earth3-Veg
1995,CNRM-ESM2-1,MPI-ESM1-2-HR
1996,MIROC6,NorESM2-LM
1997,NESM3,EC-Earth3-Veg
1998,EC-Earth3,MPI-ESM1-2-HR
1999,UKESM1-0-LL,EC-Earth3-Veg
2000,INM-CM5-0,NorESM2-LM
2001,MRI-ESM2-0,GFDL-ESM4
2002,NESM3,EC-Earth3-Veg
2003,CAMS-CSM1-0,NorESM2-LM
2004,MRI-ESM2-0,GFDL-ESM4
2005,MIROC-ES2L,GFDL-ESM4
2006,INM-CM5-0,NorESM2-LM
2007,MIROC-ES2L,GFDL-ESM4
2008,MPI-ESM1-2-HR,GFDL-ESM4
2009,GFDL-ESM4,GFDL-ESM4
2010,NorESM2-LM,NorESM2-LM
2011,MIROC6,NorESM2-LM
2012,UKESM1-0-LL,EC-Earth3-Veg
2013,EC-Earth3-Veg,EC-Earth3-Veg
2014,NESM3,EC-Earth3-Veg
2015,MRI-ESM2-0,GFDL-ESM4
2016,UKESM1-0-LL,EC-Earth3-Veg
2017,NorESM2-LM,NorESM2-LM
2018,MRI-ESM2-0,GFDL-ESM4
2019,EC-Earth3,MPI-ESM1-2-HR
2020,MPI-ESM1-2-HR,GFDL-ESM4
2021,NESM3,EC-Earth3-Veg
2022,INM-CM5-0,NorESM2-LM
2023,CNRM-ESM2-1,MPI-ESM1-2-HR
2024,CESM2,MPI-ESM1-2-HR
2025,CNRM-ESM2-1,MPI-ESM1-2-HR
2026,CESM2,EC-Earth3-Veg
2027,GFDL-ESM4,GFDL-ESM4
2028,EC-Earth3,MPI-ESM1-2-HR
2029,CNRM-ESM2-1,MPI-ESM1-2-HR
2030,NESM3,EC-Earth3-Veg
2031,CESM2,EC-Earth3-Veg
2032,GFDL-ESM4,GFDL-ESM4
2033,GFDL-CM4,MPI-ESM1-2-HR
2034,GFDL-CM4,MPI-ESM1-2-HR
2035,CNRM-CM6-1,MPI-ESM1-2-HR
2036,INM-CM5-0,NorESM2-LM
2037,INM-CM5-0,NorESM2-LM
2038,UKESM1-0-LL,EC-Earth3-Veg
2039,MIROC-ES2L,GFDL-ESM4
2040,EC-Earth3,MPI-ESM1-2-HR
2041,MPI-ESM1-2-HR,GFDL-ESM4
2042,CNRM-ESM2-1,MPI-ESM1-2-HR
2043,CanESM5,EC-Earth3-Veg
2044,EC-Earth3,MPI-ESM1-2-HR
2045,INM-CM5-0,NorESM2-LM
2046,CESM2,EC-Earth3-Veg
2047,MIROC6,NorESM2-LM
2048,MPI-ESM1-2-HR,GFDL-ESM4
2049,EC-Earth3-Veg,EC-Earth3-Veg
2050,GFDL-CM4,MPI-ESM1-2-HR
2051,EC-Earth3-Veg,EC-Earth3-Veg
2052,EC-Earth3-Veg,EC-Earth3-Veg
2053,MRI-ESM2-0,GFDL-ESM4
2054,GFDL-ESM4,GFDL-ESM4
2055,CanESM5,EC-Earth3-Veg
2056,NorESM2-LM,NorESM2-LM
2057,MIROC6,NorESM2-LM
2058,MIROC-ES2L,NorESM2-LM
2059,INM-CM5-0,NorESM2-LM
2060,CAMS-CSM1-0,NorESM2-LM
2061,INM-CM5-0,NorESM2-LM
2062,CNRM-ESM2-1,MPI-ESM1-2-HR
2063,GFDL-ESM4,GFDL-ESM4
2064,MPI-ESM1-2-HR,GFDL-ESM4
2065,GFDL-CM4,MPI-ESM1-2-HR
2066,MPI-ESM1-2-HR,GFDL-ESM4
2067,BCC-CSM2-MR,GFDL-ESM4
2068,CNRM-ESM2-1,MPI-ESM1-2-HR
2069,INM-CM5-0,NorESM2-LM
2070,INM-CM5-0,NorESM2-LM
2071,GFDL-CM4,MPI-ESM1-2-HR
2072,CNRM-ESM2-1,MPI-ESM1-2-HR
2073,EC-Earth3,MPI-ESM1-2-HR
2074,CAMS-CSM1-0,NorESM2-LM
2075,EC-Earth3-Veg,EC-Earth3-Veg
2076,CAMS-CSM1-0,NorESM2-LM
2077,MIROC-ES2L,GFDL-ESM4
2078,CESM2,MPI-ESM1-2-HR
2079,MIROC6,NorESM2-LM
2080,CAMS-CSM1-0,NorESM2-LM
2081,EC-Earth3-Veg,EC-Earth3-Veg
2082,MIROC6,NorESM2-LM
2083,MPI-ESM1-2-HR,GFDL-ESM4
2084,MIROC-ES2L,NorESM2-LM
2085,GFDL-ESM4,GFDL-ESM4
2086,NESM3,EC-Earth3-Veg
2087,GFDL-CM4,MPI-ESM1-2-HR
2088,EC-Earth3,MPI-ESM1-2-HR
2089,INM-CM5-0,NorESM2-LM
2090,BCC-CSM2-MR,GFDL-ESM4
2091,EC-Earth3,MPI-ESM1-2-HR
2092,MPI-ESM1-2-HR,GFDL-ESM4
2093,MIROC-ES2L,NorESM2-LM
2094,NorESM2-LM,NorESM2-LM
2095,EC-Earth3,MPI-ESM1-2-HR
2096,INM-CM5-0,NorESM2-LM
2097,MIROC-ES2L,GFDL-ESM4
2098,MRI-ESM2-0,GFDL-ESM4
2099,UKESM1-0-LL,EC-Earth3-Veg
2100,CNRM-ESM2-1,MPI-ESM1-2-HR
2101,UKESM1-0-LL,EC-Earth3-Veg
2102,CNRM-ESM2-1,MPI-ESM1-2-HR
2103,GFDL-CM4,MPI-ESM1-2-HR
2104,MRI-ESM2-0,GFDL-ESM4
2105,UKESM1-0-LL,EC-Earth3-Veg
2106,EC-Earth3,MPI-ESM1-2-HR
2107,CNRM-CM6-1,MPI-ESM1-2-HR
2108,GFDL-ESM4,GFDL-ESM4
2109,CanESM5,EC-Earth3-Veg
2110,MIROC6,NorESM2-LM
2111,UKESM1-0-LL,EC-Earth3-Veg
2112,CAMS-CSM1-0,NorESM2-LM
2113,GFDL-CM4,MPI-ESM1-2-HR
2114,EC-Earth3,MPI-ESM1-2-HR
2115,CNRM-CM6-1,MPI-ESM1-2-HR
2116,CNRM-ESM2-1,MPI-ESM1-2-HR
2117,BCC-CSM2-MR,GFDL-ESM4
2118,EC-Earth3-Veg,EC-Earth3-Veg
2119,EC-Earth3,MPI-ESM1-2-HR
2120,BCC-CSM2-MR,GFDL-ESM4
2121,CanESM5,EC-Earth3-Veg
2122,NorESM2-LM,NorESM2-LM
2123,BCC-CSM2-MR,GFDL-ESM4
2124,MPI-ESM1-2-HR,GFDL-ESM4
2125,CanESM5,EC-Earth3-Veg
2126,MPI-ESM1-2-HR,GFDL-ESM4
2127,GFDL-CM4,MPI-ESM1-2-HR
2128,CAMS-CSM1-0,NorESM2-LM
2129,MRI-ESM2-0,GFDL-ESM4
2130,NorESM2-LM,NorESM2-LM
2131,UKESM1-0-LL,EC-Earth3-Veg
2132,NorESM2-LM,NorESM2-LM
2133,BCC-CSM2-MR,GFDL-ESM4
2134,MRI-ESM2-0,GFDL-ESM4
2135,NESM3,EC-Earth3-Veg
2136,UKESM1-0-LL,EC-Earth3-Veg
2137,MIROC-ES2L,NorESM2-LM
2138,CESM2,EC-Earth3-Veg
2139,CNRM-CM6-1,MPI-ESM1-2-HR
2140,MIROC6,NorESM2-LM
2141,MIROC6,NorESM2-LM
2142,MRI-ESM2-0,GFDL-ESM4
2143,UKESM1-0-LL,EC-Earth3-Veg
2144,GFDL-ESM4,GFDL-ESM4
2145,GFDL-ESM4,GFDL-ESM4
2146,CESM2,EC-Earth3-Veg
2147,EC-Earth3,MPI-ESM1-2-HR
2148,NorESM2-LM,NorESM2-LM
2149,GFDL-CM4,MPI-ESM1-2-HR
2150,BCC-CSM2-MR,GFDL-ESM4
2151,CanESM5,EC-Earth3-Veg
2152,CESM2,MPI-ESM1-2-HR
2153,CNRM-CM6-1,MPI-ESM1-2-HR
2154,CNRM-CM6-1,MPI-ESM1-2-HR
2155,CAMS-CSM1-0,NorESM2-LM
2156,INM-CM5-0,NorESM2-LM
2157,EC-Earth3-Veg,EC-Earth3-Veg
2158,MIROC6,NorESM2-LM
2159,UKESM1-0-LL,EC-Earth3-Veg
2160,INM-CM5-0,NorESM2-LM
2161,CAMS-CSM1-0,NorESM2-LM
2162,MIROC-ES2L,NorESM2-LM
2163,MIROC-ES2L,NorESM2-LM
2164,CNRM-ESM2-1,MPI-ESM1-2-HR
2165,GFDL-ESM4,GFDL-ESM4
2166,MPI-ESM1-2-HR,GFDL-ESM4
2167,CAMS-CSM1-0,NorESM2-LM
2168,NESM3,EC-Earth3-Veg
2169,INM-CM5-0,NorESM2-LM
2170,NorESM2-LM,NorESM2-LM
2171,MIROC-ES2L,NorESM2-LM
2172,CNRM-ESM2-1,MPI-ESM1-2-HR
2173,MPI-ESM1-2-HR,GFDL-ESM4
2174,INM-CM5-0,NorESM2-LM
2175,EC-Earth3,MPI-ESM1-2-HR
2176,GFDL-CM4,MPI-ESM1-2-HR
2177,CNRM-CM6-1,MPI-ESM1-2-HR
2178,NESM3,EC-Earth3-Veg
2179,GFDL-CM4,MPI-ESM1-2-HR
2180,UKESM1-0-LL,EC-Earth3-Veg
2181,CAMS-CSM1-0,NorESM2-LM
2182,INM-CM5-0,NorESM2-LM
2183,MIROC6,NorESM2-LM
2184,MPI-ESM1-2-HR,GFDL-ESM4
2185,MPI-ESM1-2-HR,GFDL-ESM4
2186,EC-Earth3-Veg,EC-Earth3-Veg
2187,CNRM-CM6-1,MPI-ESM1-2-HR
2188,NorESM2-LM,NorESM2-LM
2189,EC-Earth3,MPI-ESM1-2-HR
2190,EC-Earth3-Veg,EC-Earth3-Veg
2191,GFDL-CM4,MPI-ESM1-2-HR
2192,EC-Earth3-Veg,EC-Earth3-Veg
2193,MIROC-ES2L,GFDL-ESM4
2194,MIROC-ES2L,GFDL-ESM4
2195,BCC-CSM2-MR,GFDL-ESM4
2196,EC-Earth3,MPI-ESM1-2-HR
2197,NorESM2-LM,NorESM2-LM
2198,CNRM-ESM2-1,MPI-ESM1-2-HR
2199,EC-Earth3-Veg,EC-Earth3-Veg
2200,NorESM2-LM,NorESM2-LM
2201,INM-CM5-0,NorESM2-LM
2202,GFDL-ESM4,GFDL-ESM4
2203,BCC-CSM2-MR,GFDL-ESM4
2204,MIROC-ES2L,NorESM2-LM
2205,CESM2,EC-Earth3-Veg
2206,CAMS-CSM1-0,NorESM2-LM
2207,GFDL-CM4,MPI-ESM1-2-HR
2208,CAMS-CSM1-0,NorESM2-LM
2209,BCC-CSM2-MR,GFDL-ESM4
2210,NESM3,EC-Earth3-Veg
2211,INM-CM5-0,NorESM2-LM
2212,BCC-CSM2-MR,GFDL-ESM4
2213,MRI-ESM2-0,GFDL-ESM4
2214,BCC-CSM2-MR,GFDL-ESM4
2215,MIROC6,NorESM2-LM
2216,CanESM5,EC-Earth3-Veg
2217,MRI-ESM2-0,GFDL-ESM4
2218,GFDL-CM4,MPI-ESM1-2-HR
2219,CAMS-CSM1-0,NorESM2-LM
2220,UKESM1-0-LL,EC-Earth3-Veg
2221,MRI-ESM2-0,GFDL-ESM4
2222,NESM3,EC-Earth3-Veg
2223,GFDL-CM4,MPI-ESM1-2-HR
2224,CNRM-CM6-1,MPI-ESM1-2-HR
2225,CanESM5,EC-Earth3-Veg
2226,MIROC6,NorESM2-LM
2227,INM-CM5-0,NorESM2-LM
2228,MPI-ESM1-2-HR,GFDL-ESM4
2229,GFDL-ESM4,GFDL-ESM4
2230,EC-Earth3,MPI-ESM1-2-HR
2231,MPI-ESM1-2-HR,GFDL-ESM4
2232,MPI-ESM1-2-HR,GFDL-ESM4
2233,GFDL-CM4,MPI-ESM1-2-HR
2234,BCC-CSM2-MR,GFDL-ESM4
2235,MPI-ESM1-2-HR,GFDL-ESM4
2236,MIROC-ES2L,GFDL-ESM4
2237,CNRM-ESM2-1,MPI-ESM1-2-HR
